Date,ads,date,hour,weekday,month
2017-08-03 00:00:00,49136,2017-08-03,0,Thursday,8
2017-08-03 01:00:00,46450,2017-08-03,1,Thursday,8
2017-08-03 02:00:00,46355,2017-08-03,2,Thursday,8
2017-08-03 03:00:00,43748,2017-08-03,3,Thursday,8
2017-08-03 04:00:00,42281,2017-08-03,4,Thursday,8
2017-08-03 05:00:00,42059,2017-08-03,5,Thursday,8
2017-08-03 06:00:00,41136,2017-08-03,6,Thursday,8
2017-08-03 07:00:00,39974,2017-08-03,7,Thursday,8
2017-08-03 08:00:00,37261,2017-08-03,8,Thursday,8
2017-08-03 09:00:00,35194,2017-08-03,9,Thursday,8
2017-08-03 10:00:00,33188,2017-08-03,10,Thursday,8
2017-08-03 11:00:00,33860,2017-08-03,11,Thursday,8
2017-08-03 12:00:00,35437,2017-08-03,12,Thursday,8
2017-08-03 13:00:00,36711,2017-08-03,13,Thursday,8
2017-08-03 14:00:00,38883,2017-08-03,14,Thursday,8
2017-08-03 15:00:00,38449,2017-08-03,15,Thursday,8
2017-08-03 16:00:00,41144,2017-08-03,16,Thursday,8
2017-08-03 17:00:00,44986,2017-08-03,17,Thursday,8
2017-08-03 18:00:00,48467,2017-08-03,18,Thursday,8
2017-08-03 19:00:00,50841,2017-08-03,19,Thursday,8
2017-08-03 20:00:00,52504,2017-08-03,20,Thursday,8
2017-08-03 21:00:00,52998,2017-08-03,21,Thursday,8
2017-08-03 22:00:00,54497,2017-08-03,22,Thursday,8
2017-08-03 23:00:00,53225,2017-08-03,23,Thursday,8
2017-08-04 00:00:00,53340,2017-08-04,0,Friday,8
2017-08-04 01:00:00,50372,2017-08-04,1,Friday,8
2017-08-04 02:00:00,49659,2017-08-04,2,Friday,8
2017-08-04 03:00:00,49061,2017-08-04,3,Friday,8
2017-08-04 04:00:00,47064,2017-08-04,4,Friday,8
2017-08-04 05:00:00,49502,2017-08-04,5,Friday,8
2017-08-04 06:00:00,36092,2017-08-04,6,Friday,8
2017-08-04 07:00:00,33534,2017-08-04,7,Friday,8
2017-08-04 08:00:00,33614,2017-08-04,8,Friday,8
2017-08-04 09:00:00,31387,2017-08-04,9,Friday,8
2017-08-04 10:00:00,30942,2017-08-04,10,Friday,8
2017-08-04 11:00:00,30781,2017-08-04,11,Friday,8
2017-08-04 12:00:00,32040,2017-08-04,12,Friday,8
2017-08-04 13:00:00,34229,2017-08-04,13,Friday,8
2017-08-04 14:00:00,34965,2017-08-04,14,Friday,8
2017-08-04 15:00:00,33603,2017-08-04,15,Friday,8
2017-08-04 16:00:00,35761,2017-08-04,16,Friday,8
2017-08-04 17:00:00,40269,2017-08-04,17,Friday,8
2017-08-04 18:00:00,43283,2017-08-04,18,Friday,8
2017-08-04 19:00:00,47662,2017-08-04,19,Friday,8
2017-08-04 20:00:00,48299,2017-08-04,20,Friday,8
2017-08-04 21:00:00,47808,2017-08-04,21,Friday,8
2017-08-04 22:00:00,47458,2017-08-04,22,Friday,8
2017-08-04 23:00:00,47748,2017-08-04,23,Friday,8
2017-08-05 00:00:00,46454,2017-08-05,0,Saturday,8
2017-08-05 01:00:00,44644,2017-08-05,1,Saturday,8
2017-08-05 02:00:00,43024,2017-08-05,2,Saturday,8
2017-08-05 03:00:00,40965,2017-08-05,3,Saturday,8
2017-08-05 04:00:00,38612,2017-08-05,4,Saturday,8
2017-08-05 05:00:00,37204,2017-08-05,5,Saturday,8
2017-08-05 06:00:00,36675,2017-08-05,6,Saturday,8
2017-08-05 07:00:00,35793,2017-08-05,7,Saturday,8
2017-08-05 08:00:00,34619,2017-08-05,8,Saturday,8
2017-08-05 09:00:00,32478,2017-08-05,9,Saturday,8
2017-08-05 10:00:00,31946,2017-08-05,10,Saturday,8
2017-08-05 11:00:00,32160,2017-08-05,11,Saturday,8
2017-08-05 12:00:00,34386,2017-08-05,12,Saturday,8
2017-08-05 13:00:00,37127,2017-08-05,13,Saturday,8
2017-08-05 14:00:00,39756,2017-08-05,14,Saturday,8
2017-08-05 15:00:00,37690,2017-08-05,15,Saturday,8
2017-08-05 16:00:00,40521,2017-08-05,16,Saturday,8
2017-08-05 17:00:00,44935,2017-08-05,17,Saturday,8
2017-08-05 18:00:00,46760,2017-08-05,18,Saturday,8
2017-08-05 19:00:00,48561,2017-08-05,19,Saturday,8
2017-08-05 20:00:00,49723,2017-08-05,20,Saturday,8
2017-08-05 21:00:00,51836,2017-08-05,21,Saturday,8
2017-08-05 22:00:00,48950,2017-08-05,22,Saturday,8
2017-08-05 23:00:00,48369,2017-08-05,23,Saturday,8
2017-08-06 00:00:00,45990,2017-08-06,0,Sunday,8
2017-08-06 01:00:00,45116,2017-08-06,1,Sunday,8
2017-08-06 02:00:00,44082,2017-08-06,2,Sunday,8
2017-08-06 03:00:00,42906,2017-08-06,3,Sunday,8
2017-08-06 04:00:00,39726,2017-08-06,4,Sunday,8
2017-08-06 05:00:00,37505,2017-08-06,5,Sunday,8
2017-08-06 06:00:00,36564,2017-08-06,6,Sunday,8
2017-08-06 07:00:00,36664,2017-08-06,7,Sunday,8
2017-08-06 08:00:00,34800,2017-08-06,8,Sunday,8
2017-08-06 09:00:00,33793,2017-08-06,9,Sunday,8
2017-08-06 10:00:00,32162,2017-08-06,10,Sunday,8
2017-08-06 11:00:00,32530,2017-08-06,11,Sunday,8
2017-08-06 12:00:00,33822,2017-08-06,12,Sunday,8
2017-08-06 13:00:00,34196,2017-08-06,13,Sunday,8
2017-08-06 14:00:00,35782,2017-08-06,14,Sunday,8
2017-08-06 15:00:00,34945,2017-08-06,15,Sunday,8
2017-08-06 16:00:00,38735,2017-08-06,16,Sunday,8
2017-08-06 17:00:00,42388,2017-08-06,17,Sunday,8
2017-08-06 18:00:00,45911,2017-08-06,18,Sunday,8
2017-08-06 19:00:00,48359,2017-08-06,19,Sunday,8
2017-08-06 20:00:00,48789,2017-08-06,20,Sunday,8
2017-08-06 21:00:00,49199,2017-08-06,21,Sunday,8
2017-08-06 22:00:00,49724,2017-08-06,22,Sunday,8
2017-08-06 23:00:00,47776,2017-08-06,23,Sunday,8
2017-08-07 00:00:00,45420,2017-08-07,0,Monday,8
2017-08-07 01:00:00,45589,2017-08-07,1,Monday,8
2017-08-07 02:00:00,43125,2017-08-07,2,Monday,8
2017-08-07 03:00:00,41715,2017-08-07,3,Monday,8
2017-08-07 04:00:00,41054,2017-08-07,4,Monday,8
2017-08-07 05:00:00,38676,2017-08-07,5,Monday,8
2017-08-07 06:00:00,38489,2017-08-07,6,Monday,8
2017-08-07 07:00:00,35313,2017-08-07,7,Monday,8
2017-08-07 08:00:00,34756,2017-08-07,8,Monday,8
2017-08-07 09:00:00,33537,2017-08-07,9,Monday,8
2017-08-07 10:00:00,32204,2017-08-07,10,Monday,8
2017-08-07 11:00:00,32920,2017-08-07,11,Monday,8
2017-08-07 12:00:00,33745,2017-08-07,12,Monday,8
2017-08-07 13:00:00,36117,2017-08-07,13,Monday,8
2017-08-07 14:00:00,37729,2017-08-07,14,Monday,8
2017-08-07 15:00:00,36304,2017-08-07,15,Monday,8
2017-08-07 16:00:00,40054,2017-08-07,16,Monday,8
2017-08-07 17:00:00,44467,2017-08-07,17,Monday,8
2017-08-07 18:00:00,47528,2017-08-07,18,Monday,8
2017-08-07 19:00:00,49087,2017-08-07,19,Monday,8
2017-08-07 20:00:00,50488,2017-08-07,20,Monday,8
2017-08-07 21:00:00,50996,2017-08-07,21,Monday,8
2017-08-07 22:00:00,51078,2017-08-07,22,Monday,8
2017-08-07 23:00:00,49822,2017-08-07,23,Monday,8
2017-08-08 00:00:00,46662,2017-08-08,0,Tuesday,8
2017-08-08 01:00:00,45270,2017-08-08,1,Tuesday,8
2017-08-08 02:00:00,43989,2017-08-08,2,Tuesday,8
2017-08-08 03:00:00,42538,2017-08-08,3,Tuesday,8
2017-08-08 04:00:00,40866,2017-08-08,4,Tuesday,8
2017-08-08 05:00:00,39692,2017-08-08,5,Tuesday,8
2017-08-08 06:00:00,38662,2017-08-08,6,Tuesday,8
2017-08-08 07:00:00,37216,2017-08-08,7,Tuesday,8
2017-08-08 08:00:00,36397,2017-08-08,8,Tuesday,8
2017-08-08 09:00:00,35048,2017-08-08,9,Tuesday,8
2017-08-08 10:00:00,34658,2017-08-08,10,Tuesday,8
2017-08-08 11:00:00,35913,2017-08-08,11,Tuesday,8
2017-08-08 12:00:00,39906,2017-08-08,12,Tuesday,8
2017-08-08 13:00:00,43533,2017-08-08,13,Tuesday,8
2017-08-08 14:00:00,45028,2017-08-08,14,Tuesday,8
2017-08-08 15:00:00,44010,2017-08-08,15,Tuesday,8
2017-08-08 16:00:00,46169,2017-08-08,16,Tuesday,8
2017-08-08 17:00:00,50015,2017-08-08,17,Tuesday,8
2017-08-08 18:00:00,54464,2017-08-08,18,Tuesday,8
2017-08-08 19:00:00,58523,2017-08-08,19,Tuesday,8
2017-08-08 20:00:00,57088,2017-08-08,20,Tuesday,8
2017-08-08 21:00:00,59309,2017-08-08,21,Tuesday,8
2017-08-08 22:00:00,56528,2017-08-08,22,Tuesday,8
2017-08-08 23:00:00,56795,2017-08-08,23,Tuesday,8
2017-08-09 00:00:00,54311,2017-08-09,0,Wednesday,8
2017-08-09 01:00:00,51724,2017-08-09,1,Wednesday,8
2017-08-09 02:00:00,49447,2017-08-09,2,Wednesday,8
2017-08-09 03:00:00,46956,2017-08-09,3,Wednesday,8
2017-08-09 04:00:00,45625,2017-08-09,4,Wednesday,8
2017-08-09 05:00:00,44885,2017-08-09,5,Wednesday,8
2017-08-09 06:00:00,45152,2017-08-09,6,Wednesday,8
2017-08-09 07:00:00,42475,2017-08-09,7,Wednesday,8
2017-08-09 08:00:00,40337,2017-08-09,8,Wednesday,8
2017-08-09 09:00:00,38265,2017-08-09,9,Wednesday,8
2017-08-09 10:00:00,37396,2017-08-09,10,Wednesday,8
2017-08-09 11:00:00,35274,2017-08-09,11,Wednesday,8
2017-08-09 12:00:00,37696,2017-08-09,12,Wednesday,8
2017-08-09 13:00:00,38848,2017-08-09,13,Wednesday,8
2017-08-09 14:00:00,40022,2017-08-09,14,Wednesday,8
2017-08-09 15:00:00,40947,2017-08-09,15,Wednesday,8
2017-08-09 16:00:00,42620,2017-08-09,16,Wednesday,8
2017-08-09 17:00:00,46929,2017-08-09,17,Wednesday,8
2017-08-09 18:00:00,51143,2017-08-09,18,Wednesday,8
2017-08-09 19:00:00,53397,2017-08-09,19,Wednesday,8
2017-08-09 20:00:00,54146,2017-08-09,20,Wednesday,8
2017-08-09 21:00:00,55991,2017-08-09,21,Wednesday,8
2017-08-09 22:00:00,56517,2017-08-09,22,Wednesday,8
2017-08-09 23:00:00,57129,2017-08-09,23,Wednesday,8
2017-08-10 00:00:00,54841,2017-08-10,0,Thursday,8
2017-08-10 01:00:00,53266,2017-08-10,1,Thursday,8
2017-08-10 02:00:00,51497,2017-08-10,2,Thursday,8
2017-08-10 03:00:00,48029,2017-08-10,3,Thursday,8
2017-08-10 04:00:00,46162,2017-08-10,4,Thursday,8
2017-08-10 05:00:00,44376,2017-08-10,5,Thursday,8
2017-08-10 06:00:00,44796,2017-08-10,6,Thursday,8
2017-08-10 07:00:00,44152,2017-08-10,7,Thursday,8
2017-08-10 08:00:00,42017,2017-08-10,8,Thursday,8
2017-08-10 09:00:00,39388,2017-08-10,9,Thursday,8
2017-08-10 10:00:00,38347,2017-08-10,10,Thursday,8
2017-08-10 11:00:00,39391,2017-08-10,11,Thursday,8
2017-08-10 12:00:00,40869,2017-08-10,12,Thursday,8
2017-08-10 13:00:00,42794,2017-08-10,13,Thursday,8
2017-08-10 14:00:00,45188,2017-08-10,14,Thursday,8
2017-08-10 15:00:00,44537,2017-08-10,15,Thursday,8
2017-08-10 16:00:00,47473,2017-08-10,16,Thursday,8
2017-08-10 17:00:00,51623,2017-08-10,17,Thursday,8
2017-08-10 18:00:00,55256,2017-08-10,18,Thursday,8
2017-08-10 19:00:00,57588,2017-08-10,19,Thursday,8
2017-08-10 20:00:00,57763,2017-08-10,20,Thursday,8
2017-08-10 21:00:00,58934,2017-08-10,21,Thursday,8
2017-08-10 22:00:00,60812,2017-08-10,22,Thursday,8
2017-08-10 23:00:00,59800,2017-08-10,23,Thursday,8
2017-08-11 00:00:00,58538,2017-08-11,0,Friday,8
2017-08-11 01:00:00,57351,2017-08-11,1,Friday,8
2017-08-11 02:00:00,55531,2017-08-11,2,Friday,8
2017-08-11 03:00:00,54362,2017-08-11,3,Friday,8
2017-08-11 04:00:00,53220,2017-08-11,4,Friday,8
2017-08-11 05:00:00,54285,2017-08-11,5,Friday,8
2017-08-11 06:00:00,39255,2017-08-11,6,Friday,8
2017-08-11 07:00:00,38759,2017-08-11,7,Friday,8
2017-08-11 08:00:00,38476,2017-08-11,8,Friday,8
2017-08-11 09:00:00,37744,2017-08-11,9,Friday,8
2017-08-11 10:00:00,37309,2017-08-11,10,Friday,8
2017-08-11 11:00:00,37249,2017-08-11,11,Friday,8
2017-08-11 12:00:00,39173,2017-08-11,12,Friday,8
2017-08-11 13:00:00,43929,2017-08-11,13,Friday,8
2017-08-11 14:00:00,45736,2017-08-11,14,Friday,8
2017-08-11 15:00:00,43101,2017-08-11,15,Friday,8
2017-08-11 16:00:00,45675,2017-08-11,16,Friday,8
2017-08-11 17:00:00,48914,2017-08-11,17,Friday,8
2017-08-11 18:00:00,53074,2017-08-11,18,Friday,8
2017-08-11 19:00:00,55654,2017-08-11,19,Friday,8
2017-08-11 20:00:00,55847,2017-08-11,20,Friday,8
2017-08-11 21:00:00,57906,2017-08-11,21,Friday,8
2017-08-11 22:00:00,54368,2017-08-11,22,Friday,8
2017-08-11 23:00:00,52847,2017-08-11,23,Friday,8
2017-08-12 00:00:00,51195,2017-08-12,0,Saturday,8
2017-08-12 01:00:00,48750,2017-08-12,1,Saturday,8
2017-08-12 02:00:00,46157,2017-08-12,2,Saturday,8
2017-08-12 03:00:00,44152,2017-08-12,3,Saturday,8
2017-08-12 04:00:00,41617,2017-08-12,4,Saturday,8
2017-08-12 05:00:00,40368,2017-08-12,5,Saturday,8
2017-08-12 06:00:00,38195,2017-08-12,6,Saturday,8
2017-08-12 07:00:00,37654,2017-08-12,7,Saturday,8
2017-08-12 08:00:00,37075,2017-08-12,8,Saturday,8
2017-08-12 09:00:00,36395,2017-08-12,9,Saturday,8
2017-08-12 10:00:00,35038,2017-08-12,10,Saturday,8
2017-08-12 11:00:00,35542,2017-08-12,11,Saturday,8
2017-08-12 12:00:00,37641,2017-08-12,12,Saturday,8
2017-08-12 13:00:00,39915,2017-08-12,13,Saturday,8
2017-08-12 14:00:00,41418,2017-08-12,14,Saturday,8
2017-08-12 15:00:00,40517,2017-08-12,15,Saturday,8
2017-08-12 16:00:00,43129,2017-08-12,16,Saturday,8
2017-08-12 17:00:00,47882,2017-08-12,17,Saturday,8
2017-08-12 18:00:00,50523,2017-08-12,18,Saturday,8
2017-08-12 19:00:00,53589,2017-08-12,19,Saturday,8
2017-08-12 20:00:00,54459,2017-08-12,20,Saturday,8
2017-08-12 21:00:00,54278,2017-08-12,21,Saturday,8
2017-08-12 22:00:00,53803,2017-08-12,22,Saturday,8
2017-08-12 23:00:00,54193,2017-08-12,23,Saturday,8
2017-08-13 00:00:00,52997,2017-08-13,0,Sunday,8
2017-08-13 01:00:00,50320,2017-08-13,1,Sunday,8
2017-08-13 02:00:00,49234,2017-08-13,2,Sunday,8
2017-08-13 03:00:00,46974,2017-08-13,3,Sunday,8
2017-08-13 04:00:00,42214,2017-08-13,4,Sunday,8
2017-08-13 05:00:00,40982,2017-08-13,5,Sunday,8
2017-08-13 06:00:00,40134,2017-08-13,6,Sunday,8
2017-08-13 07:00:00,38963,2017-08-13,7,Sunday,8
2017-08-13 08:00:00,38333,2017-08-13,8,Sunday,8
2017-08-13 09:00:00,37828,2017-08-13,9,Sunday,8
2017-08-13 10:00:00,36635,2017-08-13,10,Sunday,8
2017-08-13 11:00:00,36676,2017-08-13,11,Sunday,8
2017-08-13 12:00:00,38701,2017-08-13,12,Sunday,8
2017-08-13 13:00:00,41202,2017-08-13,13,Sunday,8
2017-08-13 14:00:00,42522,2017-08-13,14,Sunday,8
2017-08-13 15:00:00,41457,2017-08-13,15,Sunday,8
2017-08-13 16:00:00,44820,2017-08-13,16,Sunday,8
2017-08-13 17:00:00,49259,2017-08-13,17,Sunday,8
2017-08-13 18:00:00,53421,2017-08-13,18,Sunday,8
2017-08-13 19:00:00,56256,2017-08-13,19,Sunday,8
2017-08-13 20:00:00,56837,2017-08-13,20,Sunday,8
2017-08-13 21:00:00,56380,2017-08-13,21,Sunday,8
2017-08-13 22:00:00,57130,2017-08-13,22,Sunday,8
2017-08-13 23:00:00,57045,2017-08-13,23,Sunday,8
2017-08-14 00:00:00,54473,2017-08-14,0,Monday,8
2017-08-14 01:00:00,51735,2017-08-14,1,Monday,8
2017-08-14 02:00:00,47832,2017-08-14,2,Monday,8
2017-08-14 03:00:00,46125,2017-08-14,3,Monday,8
2017-08-14 04:00:00,43938,2017-08-14,4,Monday,8
2017-08-14 05:00:00,41746,2017-08-14,5,Monday,8
2017-08-14 06:00:00,39270,2017-08-14,6,Monday,8
2017-08-14 07:00:00,39863,2017-08-14,7,Monday,8
2017-08-14 08:00:00,39664,2017-08-14,8,Monday,8
2017-08-14 09:00:00,39069,2017-08-14,9,Monday,8
2017-08-14 10:00:00,38009,2017-08-14,10,Monday,8
2017-08-14 11:00:00,38987,2017-08-14,11,Monday,8
2017-08-14 12:00:00,42017,2017-08-14,12,Monday,8
2017-08-14 13:00:00,45177,2017-08-14,13,Monday,8
2017-08-14 14:00:00,49221,2017-08-14,14,Monday,8
2017-08-14 15:00:00,45457,2017-08-14,15,Monday,8
2017-08-14 16:00:00,48104,2017-08-14,16,Monday,8
2017-08-14 17:00:00,53905,2017-08-14,17,Monday,8
2017-08-14 18:00:00,56028,2017-08-14,18,Monday,8
2017-08-14 19:00:00,59461,2017-08-14,19,Monday,8
2017-08-14 20:00:00,58741,2017-08-14,20,Monday,8
2017-08-14 21:00:00,60140,2017-08-14,21,Monday,8
2017-08-14 22:00:00,59425,2017-08-14,22,Monday,8
2017-08-14 23:00:00,57317,2017-08-14,23,Monday,8
2017-08-15 00:00:00,55352,2017-08-15,0,Tuesday,8
2017-08-15 01:00:00,52462,2017-08-15,1,Tuesday,8
2017-08-15 02:00:00,50062,2017-08-15,2,Tuesday,8
2017-08-15 03:00:00,46576,2017-08-15,3,Tuesday,8
2017-08-15 04:00:00,44367,2017-08-15,4,Tuesday,8
2017-08-15 05:00:00,41022,2017-08-15,5,Tuesday,8
2017-08-15 06:00:00,40087,2017-08-15,6,Tuesday,8
2017-08-15 07:00:00,38389,2017-08-15,7,Tuesday,8
2017-08-15 08:00:00,39167,2017-08-15,8,Tuesday,8
2017-08-15 09:00:00,38461,2017-08-15,9,Tuesday,8
2017-08-15 10:00:00,37254,2017-08-15,10,Tuesday,8
2017-08-15 11:00:00,39040,2017-08-15,11,Tuesday,8
2017-08-15 12:00:00,42351,2017-08-15,12,Tuesday,8
2017-08-15 13:00:00,45391,2017-08-15,13,Tuesday,8
2017-08-15 14:00:00,47076,2017-08-15,14,Tuesday,8
2017-08-15 15:00:00,45753,2017-08-15,15,Tuesday,8
2017-08-15 16:00:00,50391,2017-08-15,16,Tuesday,8
2017-08-15 17:00:00,55109,2017-08-15,17,Tuesday,8
2017-08-15 18:00:00,60423,2017-08-15,18,Tuesday,8
2017-08-15 19:00:00,65408,2017-08-15,19,Tuesday,8
2017-08-15 20:00:00,65917,2017-08-15,20,Tuesday,8
2017-08-15 21:00:00,66821,2017-08-15,21,Tuesday,8
2017-08-15 22:00:00,64289,2017-08-15,22,Tuesday,8
2017-08-15 23:00:00,64800,2017-08-15,23,Tuesday,8
2017-08-16 00:00:00,63110,2017-08-16,0,Wednesday,8
2017-08-16 01:00:00,59715,2017-08-16,1,Wednesday,8
2017-08-16 02:00:00,56761,2017-08-16,2,Wednesday,8
2017-08-16 03:00:00,53584,2017-08-16,3,Wednesday,8
2017-08-16 04:00:00,51671,2017-08-16,4,Wednesday,8
2017-08-16 05:00:00,51141,2017-08-16,5,Wednesday,8
2017-08-16 06:00:00,49973,2017-08-16,6,Wednesday,8
2017-08-16 07:00:00,48750,2017-08-16,7,Wednesday,8
2017-08-16 08:00:00,45889,2017-08-16,8,Wednesday,8
2017-08-16 09:00:00,42085,2017-08-16,9,Wednesday,8
2017-08-16 10:00:00,41547,2017-08-16,10,Wednesday,8
2017-08-16 11:00:00,43029,2017-08-16,11,Wednesday,8
2017-08-16 12:00:00,44404,2017-08-16,12,Wednesday,8
2017-08-16 13:00:00,46437,2017-08-16,13,Wednesday,8
2017-08-16 14:00:00,48226,2017-08-16,14,Wednesday,8
2017-08-16 15:00:00,47698,2017-08-16,15,Wednesday,8
2017-08-16 16:00:00,50647,2017-08-16,16,Wednesday,8
2017-08-16 17:00:00,55686,2017-08-16,17,Wednesday,8
2017-08-16 18:00:00,59281,2017-08-16,18,Wednesday,8
2017-08-16 19:00:00,61611,2017-08-16,19,Wednesday,8
2017-08-16 20:00:00,63568,2017-08-16,20,Wednesday,8
2017-08-16 21:00:00,64997,2017-08-16,21,Wednesday,8
2017-08-16 22:00:00,65743,2017-08-16,22,Wednesday,8
2017-08-16 23:00:00,65897,2017-08-16,23,Wednesday,8
2017-08-17 00:00:00,65243,2017-08-17,0,Thursday,8
2017-08-17 01:00:00,62652,2017-08-17,1,Thursday,8
2017-08-17 02:00:00,60443,2017-08-17,2,Thursday,8
2017-08-17 03:00:00,55877,2017-08-17,3,Thursday,8
2017-08-17 04:00:00,52191,2017-08-17,4,Thursday,8
2017-08-17 05:00:00,51879,2017-08-17,5,Thursday,8
2017-08-17 06:00:00,51308,2017-08-17,6,Thursday,8
2017-08-17 07:00:00,50478,2017-08-17,7,Thursday,8
2017-08-17 08:00:00,48716,2017-08-17,8,Thursday,8
2017-08-17 09:00:00,46045,2017-08-17,9,Thursday,8
2017-08-17 10:00:00,44287,2017-08-17,10,Thursday,8
2017-08-17 11:00:00,45138,2017-08-17,11,Thursday,8
2017-08-17 12:00:00,48316,2017-08-17,12,Thursday,8
2017-08-17 13:00:00,51719,2017-08-17,13,Thursday,8
2017-08-17 14:00:00,54545,2017-08-17,14,Thursday,8
2017-08-17 15:00:00,53181,2017-08-17,15,Thursday,8
2017-08-17 16:00:00,57068,2017-08-17,16,Thursday,8
2017-08-17 17:00:00,61956,2017-08-17,17,Thursday,8
2017-08-17 18:00:00,64696,2017-08-17,18,Thursday,8
2017-08-17 19:00:00,66608,2017-08-17,19,Thursday,8
2017-08-17 20:00:00,68997,2017-08-17,20,Thursday,8
2017-08-17 21:00:00,67444,2017-08-17,21,Thursday,8
2017-08-17 22:00:00,65921,2017-08-17,22,Thursday,8
2017-08-17 23:00:00,67124,2017-08-17,23,Thursday,8
2017-08-18 00:00:00,68053,2017-08-18,0,Friday,8
2017-08-18 01:00:00,63729,2017-08-18,1,Friday,8
2017-08-18 02:00:00,61150,2017-08-18,2,Friday,8
2017-08-18 03:00:00,61624,2017-08-18,3,Friday,8
2017-08-18 04:00:00,56647,2017-08-18,4,Friday,8
2017-08-18 05:00:00,58629,2017-08-18,5,Friday,8
2017-08-18 06:00:00,43322,2017-08-18,6,Friday,8
2017-08-18 07:00:00,43067,2017-08-18,7,Friday,8
2017-08-18 08:00:00,43812,2017-08-18,8,Friday,8
2017-08-18 09:00:00,42081,2017-08-18,9,Friday,8
2017-08-18 10:00:00,40834,2017-08-18,10,Friday,8
2017-08-18 11:00:00,41801,2017-08-18,11,Friday,8
2017-08-18 12:00:00,42560,2017-08-18,12,Friday,8
2017-08-18 13:00:00,44807,2017-08-18,13,Friday,8
2017-08-18 14:00:00,46609,2017-08-18,14,Friday,8
2017-08-18 15:00:00,45232,2017-08-18,15,Friday,8
2017-08-18 16:00:00,48470,2017-08-18,16,Friday,8
2017-08-18 17:00:00,52896,2017-08-18,17,Friday,8
2017-08-18 18:00:00,57816,2017-08-18,18,Friday,8
2017-08-18 19:00:00,60820,2017-08-18,19,Friday,8
2017-08-18 20:00:00,63967,2017-08-18,20,Friday,8
2017-08-18 21:00:00,64613,2017-08-18,21,Friday,8
2017-08-18 22:00:00,63230,2017-08-18,22,Friday,8
2017-08-18 23:00:00,60756,2017-08-18,23,Friday,8
2017-08-19 00:00:00,61422,2017-08-19,0,Saturday,8
2017-08-19 01:00:00,54417,2017-08-19,1,Saturday,8
2017-08-19 02:00:00,53281,2017-08-19,2,Saturday,8
2017-08-19 03:00:00,51423,2017-08-19,3,Saturday,8
2017-08-19 04:00:00,48070,2017-08-19,4,Saturday,8
2017-08-19 05:00:00,45116,2017-08-19,5,Saturday,8
2017-08-19 06:00:00,43634,2017-08-19,6,Saturday,8
2017-08-19 07:00:00,42900,2017-08-19,7,Saturday,8
2017-08-19 08:00:00,43352,2017-08-19,8,Saturday,8
2017-08-19 09:00:00,42144,2017-08-19,9,Saturday,8
2017-08-19 10:00:00,40208,2017-08-19,10,Saturday,8
2017-08-19 11:00:00,41352,2017-08-19,11,Saturday,8
2017-08-19 12:00:00,42687,2017-08-19,12,Saturday,8
2017-08-19 13:00:00,45095,2017-08-19,13,Saturday,8
2017-08-19 14:00:00,47024,2017-08-19,14,Saturday,8
2017-08-19 15:00:00,45076,2017-08-19,15,Saturday,8
2017-08-19 16:00:00,49519,2017-08-19,16,Saturday,8
2017-08-19 17:00:00,54908,2017-08-19,17,Saturday,8
2017-08-19 18:00:00,59885,2017-08-19,18,Saturday,8
2017-08-19 19:00:00,61536,2017-08-19,19,Saturday,8
2017-08-19 20:00:00,64104,2017-08-19,20,Saturday,8
2017-08-19 21:00:00,65057,2017-08-19,21,Saturday,8
2017-08-19 22:00:00,64688,2017-08-19,22,Saturday,8
2017-08-19 23:00:00,63687,2017-08-19,23,Saturday,8
2017-08-20 00:00:00,60944,2017-08-20,0,Sunday,8
2017-08-20 01:00:00,56263,2017-08-20,1,Sunday,8
2017-08-20 02:00:00,55227,2017-08-20,2,Sunday,8
2017-08-20 03:00:00,53855,2017-08-20,3,Sunday,8
2017-08-20 04:00:00,49456,2017-08-20,4,Sunday,8
2017-08-20 05:00:00,46981,2017-08-20,5,Sunday,8
2017-08-20 06:00:00,46043,2017-08-20,6,Sunday,8
2017-08-20 07:00:00,45059,2017-08-20,7,Sunday,8
2017-08-20 08:00:00,44689,2017-08-20,8,Sunday,8
2017-08-20 09:00:00,44078,2017-08-20,9,Sunday,8
2017-08-20 10:00:00,42289,2017-08-20,10,Sunday,8
2017-08-20 11:00:00,43389,2017-08-20,11,Sunday,8
2017-08-20 12:00:00,46985,2017-08-20,12,Sunday,8
2017-08-20 13:00:00,51661,2017-08-20,13,Sunday,8
2017-08-20 14:00:00,52790,2017-08-20,14,Sunday,8
2017-08-20 15:00:00,49703,2017-08-20,15,Sunday,8
2017-08-20 16:00:00,51742,2017-08-20,16,Sunday,8
2017-08-20 17:00:00,56019,2017-08-20,17,Sunday,8
2017-08-20 18:00:00,59712,2017-08-20,18,Sunday,8
2017-08-20 19:00:00,62211,2017-08-20,19,Sunday,8
2017-08-20 20:00:00,65588,2017-08-20,20,Sunday,8
2017-08-20 21:00:00,66854,2017-08-20,21,Sunday,8
2017-08-20 22:00:00,61421,2017-08-20,22,Sunday,8
2017-08-20 23:00:00,59527,2017-08-20,23,Sunday,8
2017-08-21 00:00:00,54809,2017-08-21,0,Monday,8
2017-08-21 01:00:00,59119,2017-08-21,1,Monday,8
2017-08-21 02:00:00,55303,2017-08-21,2,Monday,8
2017-08-21 03:00:00,54370,2017-08-21,3,Monday,8
2017-08-21 04:00:00,50380,2017-08-21,4,Monday,8
2017-08-21 05:00:00,47965,2017-08-21,5,Monday,8
2017-08-21 06:00:00,46548,2017-08-21,6,Monday,8
2017-08-21 07:00:00,45384,2017-08-21,7,Monday,8
2017-08-21 08:00:00,43707,2017-08-21,8,Monday,8
2017-08-21 09:00:00,43001,2017-08-21,9,Monday,8
2017-08-21 10:00:00,42424,2017-08-21,10,Monday,8
2017-08-21 11:00:00,43415,2017-08-21,11,Monday,8
2017-08-21 12:00:00,45190,2017-08-21,12,Monday,8
2017-08-21 13:00:00,47145,2017-08-21,13,Monday,8
2017-08-21 14:00:00,49104,2017-08-21,14,Monday,8
2017-08-21 15:00:00,47086,2017-08-21,15,Monday,8
2017-08-21 16:00:00,50670,2017-08-21,16,Monday,8
2017-08-21 17:00:00,55029,2017-08-21,17,Monday,8
2017-08-21 18:00:00,61036,2017-08-21,18,Monday,8
2017-08-21 19:00:00,65172,2017-08-21,19,Monday,8
2017-08-21 20:00:00,66715,2017-08-21,20,Monday,8
2017-08-21 21:00:00,66320,2017-08-21,21,Monday,8
2017-08-21 22:00:00,66785,2017-08-21,22,Monday,8
2017-08-21 23:00:00,65611,2017-08-21,23,Monday,8
2017-08-22 00:00:00,62400,2017-08-22,0,Tuesday,8
2017-08-22 01:00:00,59198,2017-08-22,1,Tuesday,8
2017-08-22 02:00:00,56148,2017-08-22,2,Tuesday,8
2017-08-22 03:00:00,53403,2017-08-22,3,Tuesday,8
2017-08-22 04:00:00,52777,2017-08-22,4,Tuesday,8
2017-08-22 05:00:00,50551,2017-08-22,5,Tuesday,8
2017-08-22 06:00:00,48165,2017-08-22,6,Tuesday,8
2017-08-22 07:00:00,48123,2017-08-22,7,Tuesday,8
2017-08-22 08:00:00,47289,2017-08-22,8,Tuesday,8
2017-08-22 09:00:00,45058,2017-08-22,9,Tuesday,8
2017-08-22 10:00:00,43859,2017-08-22,10,Tuesday,8
2017-08-22 11:00:00,47334,2017-08-22,11,Tuesday,8
2017-08-22 12:00:00,53422,2017-08-22,12,Tuesday,8
2017-08-22 13:00:00,56121,2017-08-22,13,Tuesday,8
2017-08-22 14:00:00,56856,2017-08-22,14,Tuesday,8
2017-08-22 15:00:00,55471,2017-08-22,15,Tuesday,8
2017-08-22 16:00:00,59722,2017-08-22,16,Tuesday,8
2017-08-22 17:00:00,65956,2017-08-22,17,Tuesday,8
2017-08-22 18:00:00,71923,2017-08-22,18,Tuesday,8
2017-08-22 19:00:00,79646,2017-08-22,19,Tuesday,8
2017-08-22 20:00:00,80444,2017-08-22,20,Tuesday,8
2017-08-22 21:00:00,81261,2017-08-22,21,Tuesday,8
2017-08-22 22:00:00,80996,2017-08-22,22,Tuesday,8
2017-08-22 23:00:00,81515,2017-08-22,23,Tuesday,8
2017-08-23 00:00:00,80546,2017-08-23,0,Wednesday,8
2017-08-23 01:00:00,75662,2017-08-23,1,Wednesday,8
2017-08-23 02:00:00,73234,2017-08-23,2,Wednesday,8
2017-08-23 03:00:00,69993,2017-08-23,3,Wednesday,8
2017-08-23 04:00:00,66625,2017-08-23,4,Wednesday,8
2017-08-23 05:00:00,65653,2017-08-23,5,Wednesday,8
2017-08-23 06:00:00,64715,2017-08-23,6,Wednesday,8
2017-08-23 07:00:00,63575,2017-08-23,7,Wednesday,8
2017-08-23 08:00:00,59074,2017-08-23,8,Wednesday,8
2017-08-23 09:00:00,54450,2017-08-23,9,Wednesday,8
2017-08-23 10:00:00,53191,2017-08-23,10,Wednesday,8
2017-08-23 11:00:00,52882,2017-08-23,11,Wednesday,8
2017-08-23 12:00:00,56170,2017-08-23,12,Wednesday,8
2017-08-23 13:00:00,58036,2017-08-23,13,Wednesday,8
2017-08-23 14:00:00,64269,2017-08-23,14,Wednesday,8
2017-08-23 15:00:00,61349,2017-08-23,15,Wednesday,8
2017-08-23 16:00:00,64711,2017-08-23,16,Wednesday,8
2017-08-23 17:00:00,68999,2017-08-23,17,Wednesday,8
2017-08-23 18:00:00,73987,2017-08-23,18,Wednesday,8
2017-08-23 19:00:00,77309,2017-08-23,19,Wednesday,8
2017-08-23 20:00:00,81147,2017-08-23,20,Wednesday,8
2017-08-23 21:00:00,83556,2017-08-23,21,Wednesday,8
2017-08-23 22:00:00,80139,2017-08-23,22,Wednesday,8
2017-08-23 23:00:00,81045,2017-08-23,23,Wednesday,8
2017-08-24 00:00:00,80221,2017-08-24,0,Thursday,8
2017-08-24 01:00:00,76190,2017-08-24,1,Thursday,8
2017-08-24 02:00:00,73438,2017-08-24,2,Thursday,8
2017-08-24 03:00:00,69002,2017-08-24,3,Thursday,8
2017-08-24 04:00:00,66062,2017-08-24,4,Thursday,8
2017-08-24 05:00:00,65445,2017-08-24,5,Thursday,8
2017-08-24 06:00:00,64325,2017-08-24,6,Thursday,8
2017-08-24 07:00:00,62692,2017-08-24,7,Thursday,8
2017-08-24 08:00:00,60243,2017-08-24,8,Thursday,8
2017-08-24 09:00:00,56160,2017-08-24,9,Thursday,8
2017-08-24 10:00:00,52877,2017-08-24,10,Thursday,8
2017-08-24 11:00:00,54346,2017-08-24,11,Thursday,8
2017-08-24 12:00:00,56503,2017-08-24,12,Thursday,8
2017-08-24 13:00:00,59021,2017-08-24,13,Thursday,8
2017-08-24 14:00:00,61665,2017-08-24,14,Thursday,8
2017-08-24 15:00:00,61043,2017-08-24,15,Thursday,8
2017-08-24 16:00:00,65011,2017-08-24,16,Thursday,8
2017-08-24 17:00:00,72028,2017-08-24,17,Thursday,8
2017-08-24 18:00:00,76494,2017-08-24,18,Thursday,8
2017-08-24 19:00:00,80164,2017-08-24,19,Thursday,8
2017-08-24 20:00:00,79658,2017-08-24,20,Thursday,8
2017-08-24 21:00:00,78050,2017-08-24,21,Thursday,8
2017-08-24 22:00:00,74548,2017-08-24,22,Thursday,8
2017-08-24 23:00:00,83152,2017-08-24,23,Thursday,8
2017-08-25 00:00:00,81796,2017-08-25,0,Friday,8
2017-08-25 01:00:00,73561,2017-08-25,1,Friday,8
2017-08-25 02:00:00,73938,2017-08-25,2,Friday,8
2017-08-25 03:00:00,66004,2017-08-25,3,Friday,8
2017-08-25 04:00:00,67303,2017-08-25,4,Friday,8
2017-08-25 05:00:00,68961,2017-08-25,5,Friday,8
2017-08-25 06:00:00,49773,2017-08-25,6,Friday,8
2017-08-25 07:00:00,50104,2017-08-25,7,Friday,8
2017-08-25 08:00:00,40583,2017-08-25,8,Friday,8
2017-08-25 09:00:00,19986,2017-08-25,9,Friday,8
2017-08-25 10:00:00,24640,2017-08-25,10,Friday,8
2017-08-25 11:00:00,34087,2017-08-25,11,Friday,8
2017-08-25 12:00:00,42879,2017-08-25,12,Friday,8
2017-08-25 13:00:00,39842,2017-08-25,13,Friday,8
2017-08-25 14:00:00,43892,2017-08-25,14,Friday,8
2017-08-25 15:00:00,44929,2017-08-25,15,Friday,8
2017-08-25 16:00:00,49072,2017-08-25,16,Friday,8
2017-08-25 17:00:00,54110,2017-08-25,17,Friday,8
2017-08-25 18:00:00,49313,2017-08-25,18,Friday,8
2017-08-25 19:00:00,56043,2017-08-25,19,Friday,8
2017-08-25 20:00:00,68224,2017-08-25,20,Friday,8
2017-08-25 21:00:00,75415,2017-08-25,21,Friday,8
2017-08-25 22:00:00,75879,2017-08-25,22,Friday,8
2017-08-25 23:00:00,74545,2017-08-25,23,Friday,8
2017-08-26 00:00:00,72059,2017-08-26,0,Saturday,8
2017-08-26 01:00:00,65301,2017-08-26,1,Saturday,8
2017-08-26 02:00:00,62692,2017-08-26,2,Saturday,8
2017-08-26 03:00:00,51478,2017-08-26,3,Saturday,8
2017-08-26 04:00:00,53798,2017-08-26,4,Saturday,8
2017-08-26 05:00:00,53194,2017-08-26,5,Saturday,8
2017-08-26 06:00:00,53784,2017-08-26,6,Saturday,8
2017-08-26 07:00:00,53735,2017-08-26,7,Saturday,8
2017-08-26 08:00:00,53562,2017-08-26,8,Saturday,8
2017-08-26 09:00:00,51685,2017-08-26,9,Saturday,8
2017-08-26 10:00:00,49465,2017-08-26,10,Saturday,8
2017-08-26 11:00:00,49592,2017-08-26,11,Saturday,8
2017-08-26 12:00:00,54484,2017-08-26,12,Saturday,8
2017-08-26 13:00:00,54813,2017-08-26,13,Saturday,8
2017-08-26 14:00:00,62950,2017-08-26,14,Saturday,8
2017-08-26 15:00:00,59315,2017-08-26,15,Saturday,8
2017-08-26 16:00:00,64327,2017-08-26,16,Saturday,8
2017-08-26 17:00:00,69411,2017-08-26,17,Saturday,8
2017-08-26 18:00:00,74832,2017-08-26,18,Saturday,8
2017-08-26 19:00:00,80429,2017-08-26,19,Saturday,8
2017-08-26 20:00:00,83921,2017-08-26,20,Saturday,8
2017-08-26 21:00:00,84314,2017-08-26,21,Saturday,8
2017-08-26 22:00:00,79530,2017-08-26,22,Saturday,8
2017-08-26 23:00:00,79539,2017-08-26,23,Saturday,8
2017-08-27 00:00:00,78309,2017-08-27,0,Sunday,8
2017-08-27 01:00:00,76282,2017-08-27,1,Sunday,8
2017-08-27 02:00:00,73934,2017-08-27,2,Sunday,8
2017-08-27 03:00:00,70209,2017-08-27,3,Sunday,8
2017-08-27 04:00:00,62712,2017-08-27,4,Sunday,8
2017-08-27 05:00:00,57677,2017-08-27,5,Sunday,8
2017-08-27 06:00:00,55831,2017-08-27,6,Sunday,8
2017-08-27 07:00:00,54116,2017-08-27,7,Sunday,8
2017-08-27 08:00:00,54792,2017-08-27,8,Sunday,8
2017-08-27 09:00:00,52637,2017-08-27,9,Sunday,8
2017-08-27 10:00:00,50475,2017-08-27,10,Sunday,8
2017-08-27 11:00:00,49966,2017-08-27,11,Sunday,8
2017-08-27 12:00:00,53266,2017-08-27,12,Sunday,8
2017-08-27 13:00:00,55158,2017-08-27,13,Sunday,8
2017-08-27 14:00:00,58566,2017-08-27,14,Sunday,8
2017-08-27 15:00:00,55871,2017-08-27,15,Sunday,8
2017-08-27 16:00:00,60416,2017-08-27,16,Sunday,8
2017-08-27 17:00:00,64790,2017-08-27,17,Sunday,8
2017-08-27 18:00:00,72163,2017-08-27,18,Sunday,8
2017-08-27 19:00:00,76938,2017-08-27,19,Sunday,8
2017-08-27 20:00:00,78969,2017-08-27,20,Sunday,8
2017-08-27 21:00:00,80206,2017-08-27,21,Sunday,8
2017-08-27 22:00:00,79629,2017-08-27,22,Sunday,8
2017-08-27 23:00:00,79969,2017-08-27,23,Sunday,8
2017-08-28 00:00:00,78306,2017-08-28,0,Monday,8
2017-08-28 01:00:00,73978,2017-08-28,1,Monday,8
2017-08-28 02:00:00,70359,2017-08-28,2,Monday,8
2017-08-28 03:00:00,67325,2017-08-28,3,Monday,8
2017-08-28 04:00:00,63055,2017-08-28,4,Monday,8
2017-08-28 05:00:00,58184,2017-08-28,5,Monday,8
2017-08-28 06:00:00,57305,2017-08-28,6,Monday,8
2017-08-28 07:00:00,56095,2017-08-28,7,Monday,8
2017-08-28 08:00:00,54379,2017-08-28,8,Monday,8
2017-08-28 09:00:00,52678,2017-08-28,9,Monday,8
2017-08-28 10:00:00,49737,2017-08-28,10,Monday,8
2017-08-28 11:00:00,51284,2017-08-28,11,Monday,8
2017-08-28 12:00:00,53442,2017-08-28,12,Monday,8
2017-08-28 13:00:00,57095,2017-08-28,13,Monday,8
2017-08-28 14:00:00,59053,2017-08-28,14,Monday,8
2017-08-28 15:00:00,57335,2017-08-28,15,Monday,8
2017-08-28 16:00:00,62608,2017-08-28,16,Monday,8
2017-08-28 17:00:00,67596,2017-08-28,17,Monday,8
2017-08-28 18:00:00,73492,2017-08-28,18,Monday,8
2017-08-28 19:00:00,79133,2017-08-28,19,Monday,8
2017-08-28 20:00:00,82083,2017-08-28,20,Monday,8
2017-08-28 21:00:00,81775,2017-08-28,21,Monday,8
2017-08-28 22:00:00,82932,2017-08-28,22,Monday,8
2017-08-28 23:00:00,82820,2017-08-28,23,Monday,8
2017-08-29 00:00:00,81050,2017-08-29,0,Tuesday,8
2017-08-29 01:00:00,78494,2017-08-29,1,Tuesday,8
2017-08-29 02:00:00,74563,2017-08-29,2,Tuesday,8
2017-08-29 03:00:00,74836,2017-08-29,3,Tuesday,8
2017-08-29 04:00:00,69085,2017-08-29,4,Tuesday,8
2017-08-29 05:00:00,68415,2017-08-29,5,Tuesday,8
2017-08-29 06:00:00,66172,2017-08-29,6,Tuesday,8
2017-08-29 07:00:00,62157,2017-08-29,7,Tuesday,8
2017-08-29 08:00:00,57531,2017-08-29,8,Tuesday,8
2017-08-29 09:00:00,53884,2017-08-29,9,Tuesday,8
2017-08-29 10:00:00,50805,2017-08-29,10,Tuesday,8
2017-08-29 11:00:00,52476,2017-08-29,11,Tuesday,8
2017-08-29 12:00:00,59082,2017-08-29,12,Tuesday,8
2017-08-29 13:00:00,62174,2017-08-29,13,Tuesday,8
2017-08-29 14:00:00,69935,2017-08-29,14,Tuesday,8
2017-08-29 15:00:00,67077,2017-08-29,15,Tuesday,8
2017-08-29 16:00:00,71852,2017-08-29,16,Tuesday,8
2017-08-29 17:00:00,79493,2017-08-29,17,Tuesday,8
2017-08-29 18:00:00,86341,2017-08-29,18,Tuesday,8
2017-08-29 19:00:00,93441,2017-08-29,19,Tuesday,8
2017-08-29 20:00:00,97717,2017-08-29,20,Tuesday,8
2017-08-29 21:00:00,100421,2017-08-29,21,Tuesday,8
2017-08-29 22:00:00,95699,2017-08-29,22,Tuesday,8
2017-08-29 23:00:00,95045,2017-08-29,23,Tuesday,8
2017-08-30 00:00:00,92478,2017-08-30,0,Wednesday,8
2017-08-30 01:00:00,86481,2017-08-30,1,Wednesday,8
2017-08-30 02:00:00,82491,2017-08-30,2,Wednesday,8
2017-08-30 03:00:00,76598,2017-08-30,3,Wednesday,8
2017-08-30 04:00:00,74381,2017-08-30,4,Wednesday,8
2017-08-30 05:00:00,72841,2017-08-30,5,Wednesday,8
2017-08-30 06:00:00,71777,2017-08-30,6,Wednesday,8
2017-08-30 07:00:00,70371,2017-08-30,7,Wednesday,8
2017-08-30 08:00:00,64427,2017-08-30,8,Wednesday,8
2017-08-30 09:00:00,58464,2017-08-30,9,Wednesday,8
2017-08-30 10:00:00,54357,2017-08-30,10,Wednesday,8
2017-08-30 11:00:00,53808,2017-08-30,11,Wednesday,8
2017-08-30 12:00:00,56530,2017-08-30,12,Wednesday,8
2017-08-30 13:00:00,58157,2017-08-30,13,Wednesday,8
2017-08-30 14:00:00,58896,2017-08-30,14,Wednesday,8
2017-08-30 15:00:00,59278,2017-08-30,15,Wednesday,8
2017-08-30 16:00:00,63171,2017-08-30,16,Wednesday,8
2017-08-30 17:00:00,71896,2017-08-30,17,Wednesday,8
2017-08-30 18:00:00,77297,2017-08-30,18,Wednesday,8
2017-08-30 19:00:00,82568,2017-08-30,19,Wednesday,8
2017-08-30 20:00:00,83079,2017-08-30,20,Wednesday,8
2017-08-30 21:00:00,84568,2017-08-30,21,Wednesday,8
2017-08-30 22:00:00,87521,2017-08-30,22,Wednesday,8
2017-08-30 23:00:00,86961,2017-08-30,23,Wednesday,8
2017-08-31 00:00:00,86645,2017-08-31,0,Thursday,8
2017-08-31 01:00:00,84000,2017-08-31,1,Thursday,8
2017-08-31 02:00:00,80663,2017-08-31,2,Thursday,8
2017-08-31 03:00:00,76474,2017-08-31,3,Thursday,8
2017-08-31 04:00:00,70755,2017-08-31,4,Thursday,8
2017-08-31 05:00:00,71105,2017-08-31,5,Thursday,8
2017-08-31 06:00:00,69563,2017-08-31,6,Thursday,8
2017-08-31 07:00:00,68905,2017-08-31,7,Thursday,8
2017-08-31 08:00:00,64243,2017-08-31,8,Thursday,8
2017-08-31 09:00:00,58534,2017-08-31,9,Thursday,8
2017-08-31 10:00:00,54010,2017-08-31,10,Thursday,8
2017-08-31 11:00:00,53162,2017-08-31,11,Thursday,8
2017-08-31 12:00:00,54702,2017-08-31,12,Thursday,8
2017-08-31 13:00:00,56824,2017-08-31,13,Thursday,8
2017-08-31 14:00:00,58285,2017-08-31,14,Thursday,8
2017-08-31 15:00:00,57099,2017-08-31,15,Thursday,8
2017-08-31 16:00:00,62370,2017-08-31,16,Thursday,8
2017-08-31 17:00:00,68512,2017-08-31,17,Thursday,8
2017-08-31 18:00:00,74814,2017-08-31,18,Thursday,8
2017-08-31 19:00:00,78728,2017-08-31,19,Thursday,8
2017-08-31 20:00:00,81648,2017-08-31,20,Thursday,8
2017-08-31 21:00:00,81129,2017-08-31,21,Thursday,8
2017-08-31 22:00:00,80937,2017-08-31,22,Thursday,8
2017-08-31 23:00:00,82482,2017-08-31,23,Thursday,8
2017-09-01 00:00:00,83184,2017-09-01,0,Friday,9
2017-09-01 01:00:00,77798,2017-09-01,1,Friday,9
2017-09-01 02:00:00,78666,2017-09-01,2,Friday,9
2017-09-01 03:00:00,74976,2017-09-01,3,Friday,9
2017-09-01 04:00:00,72824,2017-09-01,4,Friday,9
2017-09-01 05:00:00,74962,2017-09-01,5,Friday,9
2017-09-01 06:00:00,56605,2017-09-01,6,Friday,9
2017-09-01 07:00:00,55276,2017-09-01,7,Friday,9
2017-09-01 08:00:00,54013,2017-09-01,8,Friday,9
2017-09-01 09:00:00,53636,2017-09-01,9,Friday,9
2017-09-01 10:00:00,49491,2017-09-01,10,Friday,9
2017-09-01 11:00:00,48233,2017-09-01,11,Friday,9
2017-09-01 12:00:00,51537,2017-09-01,12,Friday,9
2017-09-01 13:00:00,54594,2017-09-01,13,Friday,9
2017-09-01 14:00:00,59647,2017-09-01,14,Friday,9
2017-09-01 15:00:00,56781,2017-09-01,15,Friday,9
2017-09-01 16:00:00,58679,2017-09-01,16,Friday,9
2017-09-01 17:00:00,63533,2017-09-01,17,Friday,9
2017-09-01 18:00:00,68126,2017-09-01,18,Friday,9
2017-09-01 19:00:00,71247,2017-09-01,19,Friday,9
2017-09-01 20:00:00,74151,2017-09-01,20,Friday,9
2017-09-01 21:00:00,76385,2017-09-01,21,Friday,9
2017-09-01 22:00:00,71692,2017-09-01,22,Friday,9
2017-09-01 23:00:00,69621,2017-09-01,23,Friday,9
2017-09-02 00:00:00,66944,2017-09-02,0,Saturday,9
2017-09-02 01:00:00,64472,2017-09-02,1,Saturday,9
2017-09-02 02:00:00,62642,2017-09-02,2,Saturday,9
2017-09-02 03:00:00,60778,2017-09-02,3,Saturday,9
2017-09-02 04:00:00,56505,2017-09-02,4,Saturday,9
2017-09-02 05:00:00,54180,2017-09-02,5,Saturday,9
2017-09-02 06:00:00,53732,2017-09-02,6,Saturday,9
2017-09-02 07:00:00,51010,2017-09-02,7,Saturday,9
2017-09-02 08:00:00,51060,2017-09-02,8,Saturday,9
2017-09-02 09:00:00,50045,2017-09-02,9,Saturday,9
2017-09-02 10:00:00,46816,2017-09-02,10,Saturday,9
2017-09-02 11:00:00,45515,2017-09-02,11,Saturday,9
2017-09-02 12:00:00,47149,2017-09-02,12,Saturday,9
2017-09-02 13:00:00,49138,2017-09-02,13,Saturday,9
2017-09-02 14:00:00,50816,2017-09-02,14,Saturday,9
2017-09-02 15:00:00,48827,2017-09-02,15,Saturday,9
2017-09-02 16:00:00,52675,2017-09-02,16,Saturday,9
2017-09-02 17:00:00,56885,2017-09-02,17,Saturday,9
2017-09-02 18:00:00,63605,2017-09-02,18,Saturday,9
2017-09-02 19:00:00,67902,2017-09-02,19,Saturday,9
2017-09-02 20:00:00,69574,2017-09-02,20,Saturday,9
2017-09-02 21:00:00,69476,2017-09-02,21,Saturday,9
2017-09-02 22:00:00,69499,2017-09-02,22,Saturday,9
2017-09-02 23:00:00,68697,2017-09-02,23,Saturday,9
2017-09-03 00:00:00,68297,2017-09-03,0,Sunday,9
2017-09-03 01:00:00,67099,2017-09-03,1,Sunday,9
2017-09-03 02:00:00,64611,2017-09-03,2,Sunday,9
2017-09-03 03:00:00,61883,2017-09-03,3,Sunday,9
2017-09-03 04:00:00,59009,2017-09-03,4,Sunday,9
2017-09-03 05:00:00,56134,2017-09-03,5,Sunday,9
2017-09-03 06:00:00,54879,2017-09-03,6,Sunday,9
2017-09-03 07:00:00,53292,2017-09-03,7,Sunday,9
2017-09-03 08:00:00,53425,2017-09-03,8,Sunday,9
2017-09-03 09:00:00,51693,2017-09-03,9,Sunday,9
2017-09-03 10:00:00,49413,2017-09-03,10,Sunday,9
2017-09-03 11:00:00,47497,2017-09-03,11,Sunday,9
2017-09-03 12:00:00,48485,2017-09-03,12,Sunday,9
2017-09-03 13:00:00,49895,2017-09-03,13,Sunday,9
2017-09-03 14:00:00,51865,2017-09-03,14,Sunday,9
2017-09-03 15:00:00,51253,2017-09-03,15,Sunday,9
2017-09-03 16:00:00,54105,2017-09-03,16,Sunday,9
2017-09-03 17:00:00,59442,2017-09-03,17,Sunday,9
2017-09-03 18:00:00,65075,2017-09-03,18,Sunday,9
2017-09-03 19:00:00,69866,2017-09-03,19,Sunday,9
2017-09-03 20:00:00,71594,2017-09-03,20,Sunday,9
2017-09-03 21:00:00,71557,2017-09-03,21,Sunday,9
2017-09-03 22:00:00,72002,2017-09-03,22,Sunday,9
2017-09-03 23:00:00,70667,2017-09-03,23,Sunday,9
2017-09-04 00:00:00,70143,2017-09-04,0,Monday,9
2017-09-04 01:00:00,67607,2017-09-04,1,Monday,9
2017-09-04 02:00:00,66240,2017-09-04,2,Monday,9
2017-09-04 03:00:00,64843,2017-09-04,3,Monday,9
2017-09-04 04:00:00,61175,2017-09-04,4,Monday,9
2017-09-04 05:00:00,57209,2017-09-04,5,Monday,9
2017-09-04 06:00:00,56162,2017-09-04,6,Monday,9
2017-09-04 07:00:00,54351,2017-09-04,7,Monday,9
2017-09-04 08:00:00,53787,2017-09-04,8,Monday,9
2017-09-04 09:00:00,53525,2017-09-04,9,Monday,9
2017-09-04 10:00:00,50564,2017-09-04,10,Monday,9
2017-09-04 11:00:00,49319,2017-09-04,11,Monday,9
2017-09-04 12:00:00,50696,2017-09-04,12,Monday,9
2017-09-04 13:00:00,53678,2017-09-04,13,Monday,9
2017-09-04 14:00:00,58495,2017-09-04,14,Monday,9
2017-09-04 15:00:00,56313,2017-09-04,15,Monday,9
2017-09-04 16:00:00,59662,2017-09-04,16,Monday,9
2017-09-04 17:00:00,63808,2017-09-04,17,Monday,9
2017-09-04 18:00:00,70930,2017-09-04,18,Monday,9
2017-09-04 19:00:00,75278,2017-09-04,19,Monday,9
2017-09-04 20:00:00,75560,2017-09-04,20,Monday,9
2017-09-04 21:00:00,78511,2017-09-04,21,Monday,9
2017-09-04 22:00:00,74086,2017-09-04,22,Monday,9
2017-09-04 23:00:00,71680,2017-09-04,23,Monday,9
2017-09-05 00:00:00,68227,2017-09-05,0,Tuesday,9
2017-09-05 01:00:00,61999,2017-09-05,1,Tuesday,9
2017-09-05 02:00:00,51546,2017-09-05,2,Tuesday,9
2017-09-05 03:00:00,24513,2017-09-05,3,Tuesday,9
2017-09-05 04:00:00,23731,2017-09-05,4,Tuesday,9
2017-09-05 05:00:00,23745,2017-09-05,5,Tuesday,9
2017-09-05 06:00:00,38109,2017-09-05,6,Tuesday,9
2017-09-05 07:00:00,51193,2017-09-05,7,Tuesday,9
2017-09-05 08:00:00,50592,2017-09-05,8,Tuesday,9
2017-09-05 09:00:00,48737,2017-09-05,9,Tuesday,9
2017-09-05 10:00:00,47120,2017-09-05,10,Tuesday,9
2017-09-05 11:00:00,48205,2017-09-05,11,Tuesday,9
2017-09-05 12:00:00,50621,2017-09-05,12,Tuesday,9
2017-09-05 13:00:00,52691,2017-09-05,13,Tuesday,9
2017-09-05 14:00:00,53610,2017-09-05,14,Tuesday,9
2017-09-05 15:00:00,52944,2017-09-05,15,Tuesday,9
2017-09-05 16:00:00,55407,2017-09-05,16,Tuesday,9
2017-09-05 17:00:00,60799,2017-09-05,17,Tuesday,9
2017-09-05 18:00:00,67489,2017-09-05,18,Tuesday,9
2017-09-05 19:00:00,75426,2017-09-05,19,Tuesday,9
2017-09-05 20:00:00,77047,2017-09-05,20,Tuesday,9
2017-09-05 21:00:00,77000,2017-09-05,21,Tuesday,9
2017-09-05 22:00:00,75941,2017-09-05,22,Tuesday,9
2017-09-05 23:00:00,77056,2017-09-05,23,Tuesday,9
2017-09-06 00:00:00,76317,2017-09-06,0,Wednesday,9
2017-09-06 01:00:00,74286,2017-09-06,1,Wednesday,9
2017-09-06 02:00:00,69207,2017-09-06,2,Wednesday,9
2017-09-06 03:00:00,65504,2017-09-06,3,Wednesday,9
2017-09-06 04:00:00,64323,2017-09-06,4,Wednesday,9
2017-09-06 05:00:00,64668,2017-09-06,5,Wednesday,9
2017-09-06 06:00:00,64252,2017-09-06,6,Wednesday,9
2017-09-06 07:00:00,63576,2017-09-06,7,Wednesday,9
2017-09-06 08:00:00,58870,2017-09-06,8,Wednesday,9
2017-09-06 09:00:00,54069,2017-09-06,9,Wednesday,9
2017-09-06 10:00:00,50804,2017-09-06,10,Wednesday,9
2017-09-06 11:00:00,49391,2017-09-06,11,Wednesday,9
2017-09-06 12:00:00,50489,2017-09-06,12,Wednesday,9
2017-09-06 13:00:00,52198,2017-09-06,13,Wednesday,9
2017-09-06 14:00:00,53491,2017-09-06,14,Wednesday,9
2017-09-06 15:00:00,52772,2017-09-06,15,Wednesday,9
2017-09-06 16:00:00,55996,2017-09-06,16,Wednesday,9
2017-09-06 17:00:00,61922,2017-09-06,17,Wednesday,9
2017-09-06 18:00:00,66156,2017-09-06,18,Wednesday,9
2017-09-06 19:00:00,71877,2017-09-06,19,Wednesday,9
2017-09-06 20:00:00,73864,2017-09-06,20,Wednesday,9
2017-09-06 21:00:00,75743,2017-09-06,21,Wednesday,9
2017-09-06 22:00:00,75306,2017-09-06,22,Wednesday,9
2017-09-06 23:00:00,76165,2017-09-06,23,Wednesday,9
2017-09-07 00:00:00,77720,2017-09-07,0,Thursday,9
2017-09-07 01:00:00,74887,2017-09-07,1,Thursday,9
2017-09-07 02:00:00,72133,2017-09-07,2,Thursday,9
2017-09-07 03:00:00,68456,2017-09-07,3,Thursday,9
2017-09-07 04:00:00,65237,2017-09-07,4,Thursday,9
2017-09-07 05:00:00,65089,2017-09-07,5,Thursday,9
2017-09-07 06:00:00,63897,2017-09-07,6,Thursday,9
2017-09-07 07:00:00,63544,2017-09-07,7,Thursday,9
2017-09-07 08:00:00,60673,2017-09-07,8,Thursday,9
2017-09-07 09:00:00,56122,2017-09-07,9,Thursday,9
2017-09-07 10:00:00,52298,2017-09-07,10,Thursday,9
2017-09-07 11:00:00,51918,2017-09-07,11,Thursday,9
2017-09-07 12:00:00,53489,2017-09-07,12,Thursday,9
2017-09-07 13:00:00,56100,2017-09-07,13,Thursday,9
2017-09-07 14:00:00,58821,2017-09-07,14,Thursday,9
2017-09-07 15:00:00,57426,2017-09-07,15,Thursday,9
2017-09-07 16:00:00,62398,2017-09-07,16,Thursday,9
2017-09-07 17:00:00,64679,2017-09-07,17,Thursday,9
2017-09-07 18:00:00,71183,2017-09-07,18,Thursday,9
2017-09-07 19:00:00,73501,2017-09-07,19,Thursday,9
2017-09-07 20:00:00,72866,2017-09-07,20,Thursday,9
2017-09-07 21:00:00,73991,2017-09-07,21,Thursday,9
2017-09-07 22:00:00,72138,2017-09-07,22,Thursday,9
2017-09-07 23:00:00,72488,2017-09-07,23,Thursday,9
2017-09-08 00:00:00,71780,2017-09-08,0,Friday,9
2017-09-08 01:00:00,71383,2017-09-08,1,Friday,9
2017-09-08 02:00:00,72385,2017-09-08,2,Friday,9
2017-09-08 03:00:00,70296,2017-09-08,3,Friday,9
2017-09-08 04:00:00,68197,2017-09-08,4,Friday,9
2017-09-08 05:00:00,70818,2017-09-08,5,Friday,9
2017-09-08 06:00:00,53864,2017-09-08,6,Friday,9
2017-09-08 07:00:00,52021,2017-09-08,7,Friday,9
2017-09-08 08:00:00,52417,2017-09-08,8,Friday,9
2017-09-08 09:00:00,50413,2017-09-08,9,Friday,9
2017-09-08 10:00:00,48233,2017-09-08,10,Friday,9
2017-09-08 11:00:00,45959,2017-09-08,11,Friday,9
2017-09-08 12:00:00,46336,2017-09-08,12,Friday,9
2017-09-08 13:00:00,47914,2017-09-08,13,Friday,9
2017-09-08 14:00:00,48538,2017-09-08,14,Friday,9
2017-09-08 15:00:00,48324,2017-09-08,15,Friday,9
2017-09-08 16:00:00,51149,2017-09-08,16,Friday,9
2017-09-08 17:00:00,56616,2017-09-08,17,Friday,9
2017-09-08 18:00:00,61247,2017-09-08,18,Friday,9
2017-09-08 19:00:00,65545,2017-09-08,19,Friday,9
2017-09-08 20:00:00,66142,2017-09-08,20,Friday,9
2017-09-08 21:00:00,66298,2017-09-08,21,Friday,9
2017-09-08 22:00:00,66663,2017-09-08,22,Friday,9
2017-09-08 23:00:00,64381,2017-09-08,23,Friday,9
2017-09-09 00:00:00,65518,2017-09-09,0,Saturday,9
2017-09-09 01:00:00,63715,2017-09-09,1,Saturday,9
2017-09-09 02:00:00,63228,2017-09-09,2,Saturday,9
2017-09-09 03:00:00,62855,2017-09-09,3,Saturday,9
2017-09-09 04:00:00,58699,2017-09-09,4,Saturday,9
2017-09-09 05:00:00,55630,2017-09-09,5,Saturday,9
2017-09-09 06:00:00,55613,2017-09-09,6,Saturday,9
2017-09-09 07:00:00,54212,2017-09-09,7,Saturday,9
2017-09-09 08:00:00,53081,2017-09-09,8,Saturday,9
2017-09-09 09:00:00,50399,2017-09-09,9,Saturday,9
2017-09-09 10:00:00,49539,2017-09-09,10,Saturday,9
2017-09-09 11:00:00,46561,2017-09-09,11,Saturday,9
2017-09-09 12:00:00,47673,2017-09-09,12,Saturday,9
2017-09-09 13:00:00,49049,2017-09-09,13,Saturday,9
2017-09-09 14:00:00,51333,2017-09-09,14,Saturday,9
2017-09-09 15:00:00,49693,2017-09-09,15,Saturday,9
2017-09-09 16:00:00,52873,2017-09-09,16,Saturday,9
2017-09-09 17:00:00,58275,2017-09-09,17,Saturday,9
2017-09-09 18:00:00,62794,2017-09-09,18,Saturday,9
2017-09-09 19:00:00,67411,2017-09-09,19,Saturday,9
2017-09-09 20:00:00,67698,2017-09-09,20,Saturday,9
2017-09-09 21:00:00,69587,2017-09-09,21,Saturday,9
2017-09-09 22:00:00,68900,2017-09-09,22,Saturday,9
2017-09-09 23:00:00,68079,2017-09-09,23,Saturday,9
2017-09-10 00:00:00,67901,2017-09-10,0,Sunday,9
2017-09-10 01:00:00,66860,2017-09-10,1,Sunday,9
2017-09-10 02:00:00,66193,2017-09-10,2,Sunday,9
2017-09-10 03:00:00,62532,2017-09-10,3,Sunday,9
2017-09-10 04:00:00,56369,2017-09-10,4,Sunday,9
2017-09-10 05:00:00,52906,2017-09-10,5,Sunday,9
2017-09-10 06:00:00,51550,2017-09-10,6,Sunday,9
2017-09-10 07:00:00,51248,2017-09-10,7,Sunday,9
2017-09-10 08:00:00,50233,2017-09-10,8,Sunday,9
2017-09-10 09:00:00,51054,2017-09-10,9,Sunday,9
2017-09-10 10:00:00,50789,2017-09-10,10,Sunday,9
2017-09-10 11:00:00,48701,2017-09-10,11,Sunday,9
2017-09-10 12:00:00,49749,2017-09-10,12,Sunday,9
2017-09-10 13:00:00,53582,2017-09-10,13,Sunday,9
2017-09-10 14:00:00,56878,2017-09-10,14,Sunday,9
2017-09-10 15:00:00,54820,2017-09-10,15,Sunday,9
2017-09-10 16:00:00,58235,2017-09-10,16,Sunday,9
2017-09-10 17:00:00,60236,2017-09-10,17,Sunday,9
2017-09-10 18:00:00,65125,2017-09-10,18,Sunday,9
2017-09-10 19:00:00,69820,2017-09-10,19,Sunday,9
2017-09-10 20:00:00,71462,2017-09-10,20,Sunday,9
2017-09-10 21:00:00,72497,2017-09-10,21,Sunday,9
2017-09-10 22:00:00,70822,2017-09-10,22,Sunday,9
2017-09-10 23:00:00,70073,2017-09-10,23,Sunday,9
2017-09-11 00:00:00,68896,2017-09-11,0,Monday,9
2017-09-11 01:00:00,65598,2017-09-11,1,Monday,9
2017-09-11 02:00:00,62772,2017-09-11,2,Monday,9
2017-09-11 03:00:00,61300,2017-09-11,3,Monday,9
2017-09-11 04:00:00,57008,2017-09-11,4,Monday,9
2017-09-11 05:00:00,52173,2017-09-11,5,Monday,9
2017-09-11 06:00:00,50963,2017-09-11,6,Monday,9
2017-09-11 07:00:00,49751,2017-09-11,7,Monday,9
2017-09-11 08:00:00,49617,2017-09-11,8,Monday,9
2017-09-11 09:00:00,50517,2017-09-11,9,Monday,9
2017-09-11 10:00:00,50064,2017-09-11,10,Monday,9
2017-09-11 11:00:00,47793,2017-09-11,11,Monday,9
2017-09-11 12:00:00,49253,2017-09-11,12,Monday,9
2017-09-11 13:00:00,51918,2017-09-11,13,Monday,9
2017-09-11 14:00:00,53022,2017-09-11,14,Monday,9
2017-09-11 15:00:00,51762,2017-09-11,15,Monday,9
2017-09-11 16:00:00,54646,2017-09-11,16,Monday,9
2017-09-11 17:00:00,60091,2017-09-11,17,Monday,9
2017-09-11 18:00:00,64214,2017-09-11,18,Monday,9
2017-09-11 19:00:00,69587,2017-09-11,19,Monday,9
2017-09-11 20:00:00,72401,2017-09-11,20,Monday,9
2017-09-11 21:00:00,73265,2017-09-11,21,Monday,9
2017-09-11 22:00:00,72764,2017-09-11,22,Monday,9
2017-09-11 23:00:00,73850,2017-09-11,23,Monday,9
2017-09-12 00:00:00,70906,2017-09-12,0,Tuesday,9
2017-09-12 01:00:00,68406,2017-09-12,1,Tuesday,9
2017-09-12 02:00:00,67464,2017-09-12,2,Tuesday,9
2017-09-12 03:00:00,65501,2017-09-12,3,Tuesday,9
2017-09-12 04:00:00,59121,2017-09-12,4,Tuesday,9
2017-09-12 05:00:00,54863,2017-09-12,5,Tuesday,9
2017-09-12 06:00:00,53238,2017-09-12,6,Tuesday,9
2017-09-12 07:00:00,51941,2017-09-12,7,Tuesday,9
2017-09-12 08:00:00,51532,2017-09-12,8,Tuesday,9
2017-09-12 09:00:00,50893,2017-09-12,9,Tuesday,9
2017-09-12 10:00:00,52206,2017-09-12,10,Tuesday,9
2017-09-12 11:00:00,51575,2017-09-12,11,Tuesday,9
2017-09-12 12:00:00,60593,2017-09-12,12,Tuesday,9
2017-09-12 13:00:00,61463,2017-09-12,13,Tuesday,9
2017-09-12 14:00:00,64076,2017-09-12,14,Tuesday,9
2017-09-12 15:00:00,65052,2017-09-12,15,Tuesday,9
2017-09-12 16:00:00,69354,2017-09-12,16,Tuesday,9
2017-09-12 17:00:00,75927,2017-09-12,17,Tuesday,9
2017-09-12 18:00:00,85434,2017-09-12,18,Tuesday,9
2017-09-12 19:00:00,94922,2017-09-12,19,Tuesday,9
2017-09-12 20:00:00,95925,2017-09-12,20,Tuesday,9
2017-09-12 21:00:00,98044,2017-09-12,21,Tuesday,9
2017-09-12 22:00:00,97987,2017-09-12,22,Tuesday,9
2017-09-12 23:00:00,95904,2017-09-12,23,Tuesday,9
2017-09-13 00:00:00,94386,2017-09-13,0,Wednesday,9
2017-09-13 01:00:00,92753,2017-09-13,1,Wednesday,9
2017-09-13 02:00:00,88903,2017-09-13,2,Wednesday,9
2017-09-13 03:00:00,85242,2017-09-13,3,Wednesday,9
2017-09-13 04:00:00,84487,2017-09-13,4,Wednesday,9
2017-09-13 05:00:00,84534,2017-09-13,5,Wednesday,9
2017-09-13 06:00:00,84301,2017-09-13,6,Wednesday,9
2017-09-13 07:00:00,84427,2017-09-13,7,Wednesday,9
2017-09-13 08:00:00,77246,2017-09-13,8,Wednesday,9
2017-09-13 09:00:00,69121,2017-09-13,9,Wednesday,9
2017-09-13 10:00:00,61657,2017-09-13,10,Wednesday,9
2017-09-13 11:00:00,60505,2017-09-13,11,Wednesday,9
2017-09-13 12:00:00,60932,2017-09-13,12,Wednesday,9
2017-09-13 13:00:00,64968,2017-09-13,13,Wednesday,9
2017-09-13 14:00:00,68200,2017-09-13,14,Wednesday,9
2017-09-13 15:00:00,67073,2017-09-13,15,Wednesday,9
2017-09-13 16:00:00,73888,2017-09-13,16,Wednesday,9
2017-09-13 17:00:00,78295,2017-09-13,17,Wednesday,9
2017-09-13 18:00:00,84380,2017-09-13,18,Wednesday,9
2017-09-13 19:00:00,91018,2017-09-13,19,Wednesday,9
2017-09-13 20:00:00,94259,2017-09-13,20,Wednesday,9
2017-09-13 21:00:00,97148,2017-09-13,21,Wednesday,9
2017-09-13 22:00:00,95351,2017-09-13,22,Wednesday,9
2017-09-13 23:00:00,94013,2017-09-13,23,Wednesday,9
2017-09-14 00:00:00,93528,2017-09-14,0,Thursday,9
2017-09-14 01:00:00,91860,2017-09-14,1,Thursday,9
2017-09-14 02:00:00,83417,2017-09-14,2,Thursday,9
2017-09-14 03:00:00,79145,2017-09-14,3,Thursday,9
2017-09-14 04:00:00,76244,2017-09-14,4,Thursday,9
2017-09-14 05:00:00,76109,2017-09-14,5,Thursday,9
2017-09-14 06:00:00,75378,2017-09-14,6,Thursday,9
2017-09-14 07:00:00,74238,2017-09-14,7,Thursday,9
2017-09-14 08:00:00,71733,2017-09-14,8,Thursday,9
2017-09-14 09:00:00,66776,2017-09-14,9,Thursday,9
2017-09-14 10:00:00,62455,2017-09-14,10,Thursday,9
2017-09-14 11:00:00,59165,2017-09-14,11,Thursday,9
2017-09-14 12:00:00,59556,2017-09-14,12,Thursday,9
2017-09-14 13:00:00,60350,2017-09-14,13,Thursday,9
2017-09-14 14:00:00,61631,2017-09-14,14,Thursday,9
2017-09-14 15:00:00,62304,2017-09-14,15,Thursday,9
2017-09-14 16:00:00,66371,2017-09-14,16,Thursday,9
2017-09-14 17:00:00,74119,2017-09-14,17,Thursday,9
2017-09-14 18:00:00,80104,2017-09-14,18,Thursday,9
2017-09-14 19:00:00,86566,2017-09-14,19,Thursday,9
2017-09-14 20:00:00,87355,2017-09-14,20,Thursday,9
2017-09-14 21:00:00,86715,2017-09-14,21,Thursday,9
2017-09-14 22:00:00,87447,2017-09-14,22,Thursday,9
2017-09-14 23:00:00,88214,2017-09-14,23,Thursday,9
2017-09-15 00:00:00,88429,2017-09-15,0,Friday,9
2017-09-15 01:00:00,89350,2017-09-15,1,Friday,9
2017-09-15 02:00:00,85933,2017-09-15,2,Friday,9
2017-09-15 03:00:00,83079,2017-09-15,3,Friday,9
2017-09-15 04:00:00,77549,2017-09-15,4,Friday,9
2017-09-15 05:00:00,76456,2017-09-15,5,Friday,9
2017-09-15 06:00:00,53648,2017-09-15,6,Friday,9
2017-09-15 07:00:00,53129,2017-09-15,7,Friday,9
2017-09-15 08:00:00,52689,2017-09-15,8,Friday,9
2017-09-15 09:00:00,53511,2017-09-15,9,Friday,9
2017-09-15 10:00:00,53958,2017-09-15,10,Friday,9
2017-09-15 11:00:00,50045,2017-09-15,11,Friday,9
2017-09-15 12:00:00,50666,2017-09-15,12,Friday,9
2017-09-15 13:00:00,51556,2017-09-15,13,Friday,9
2017-09-15 14:00:00,53754,2017-09-15,14,Friday,9
2017-09-15 15:00:00,51705,2017-09-15,15,Friday,9
2017-09-15 16:00:00,54828,2017-09-15,16,Friday,9
2017-09-15 17:00:00,59551,2017-09-15,17,Friday,9
2017-09-15 18:00:00,65913,2017-09-15,18,Friday,9
2017-09-15 19:00:00,72317,2017-09-15,19,Friday,9
2017-09-15 20:00:00,75608,2017-09-15,20,Friday,9
2017-09-15 21:00:00,75325,2017-09-15,21,Friday,9
2017-09-15 22:00:00,77870,2017-09-15,22,Friday,9
2017-09-15 23:00:00,76236,2017-09-15,23,Friday,9
2017-09-16 00:00:00,71941,2017-09-16,0,Saturday,9
2017-09-16 01:00:00,70362,2017-09-16,1,Saturday,9
2017-09-16 02:00:00,69066,2017-09-16,2,Saturday,9
2017-09-16 03:00:00,65217,2017-09-16,3,Saturday,9
2017-09-16 04:00:00,59476,2017-09-16,4,Saturday,9
2017-09-16 05:00:00,54351,2017-09-16,5,Saturday,9
2017-09-16 06:00:00,53036,2017-09-16,6,Saturday,9
2017-09-16 07:00:00,52465,2017-09-16,7,Saturday,9
2017-09-16 08:00:00,52530,2017-09-16,8,Saturday,9
2017-09-16 09:00:00,54361,2017-09-16,9,Saturday,9
2017-09-16 10:00:00,53824,2017-09-16,10,Saturday,9
2017-09-16 11:00:00,50836,2017-09-16,11,Saturday,9
2017-09-16 12:00:00,52460,2017-09-16,12,Saturday,9
2017-09-16 13:00:00,55659,2017-09-16,13,Saturday,9
2017-09-16 14:00:00,58225,2017-09-16,14,Saturday,9
2017-09-16 15:00:00,55959,2017-09-16,15,Saturday,9
2017-09-16 16:00:00,60244,2017-09-16,16,Saturday,9
2017-09-16 17:00:00,63111,2017-09-16,17,Saturday,9
2017-09-16 18:00:00,69430,2017-09-16,18,Saturday,9
2017-09-16 19:00:00,75056,2017-09-16,19,Saturday,9
2017-09-16 20:00:00,76626,2017-09-16,20,Saturday,9
2017-09-16 21:00:00,79602,2017-09-16,21,Saturday,9
2017-09-16 22:00:00,76787,2017-09-16,22,Saturday,9
2017-09-16 23:00:00,75486,2017-09-16,23,Saturday,9
2017-09-17 00:00:00,74700,2017-09-17,0,Sunday,9
2017-09-17 01:00:00,73272,2017-09-17,1,Sunday,9
2017-09-17 02:00:00,69811,2017-09-17,2,Sunday,9
2017-09-17 03:00:00,66879,2017-09-17,3,Sunday,9
2017-09-17 04:00:00,58748,2017-09-17,4,Sunday,9
2017-09-17 05:00:00,54349,2017-09-17,5,Sunday,9
2017-09-17 06:00:00,53757,2017-09-17,6,Sunday,9
2017-09-17 07:00:00,52188,2017-09-17,7,Sunday,9
2017-09-17 08:00:00,52195,2017-09-17,8,Sunday,9
2017-09-17 09:00:00,52807,2017-09-17,9,Sunday,9
2017-09-17 10:00:00,53250,2017-09-17,10,Sunday,9
2017-09-17 11:00:00,49990,2017-09-17,11,Sunday,9
2017-09-17 12:00:00,50255,2017-09-17,12,Sunday,9
2017-09-17 13:00:00,51449,2017-09-17,13,Sunday,9
2017-09-17 14:00:00,53051,2017-09-17,14,Sunday,9
2017-09-17 15:00:00,52100,2017-09-17,15,Sunday,9
2017-09-17 16:00:00,55620,2017-09-17,16,Sunday,9
2017-09-17 17:00:00,60431,2017-09-17,17,Sunday,9
2017-09-17 18:00:00,65818,2017-09-17,18,Sunday,9
2017-09-17 19:00:00,71798,2017-09-17,19,Sunday,9
2017-09-17 20:00:00,74326,2017-09-17,20,Sunday,9
2017-09-17 21:00:00,75194,2017-09-17,21,Sunday,9
2017-09-17 22:00:00,76364,2017-09-17,22,Sunday,9
2017-09-17 23:00:00,75033,2017-09-17,23,Sunday,9
2017-09-18 00:00:00,71574,2017-09-18,0,Monday,9
2017-09-18 01:00:00,69162,2017-09-18,1,Monday,9
2017-09-18 02:00:00,67800,2017-09-18,2,Monday,9
2017-09-18 03:00:00,64367,2017-09-18,3,Monday,9
2017-09-18 04:00:00,57800,2017-09-18,4,Monday,9
2017-09-18 05:00:00,53316,2017-09-18,5,Monday,9
2017-09-18 06:00:00,52003,2017-09-18,6,Monday,9
2017-09-18 07:00:00,51021,2017-09-18,7,Monday,9
2017-09-18 08:00:00,51522,2017-09-18,8,Monday,9
2017-09-18 09:00:00,52736,2017-09-18,9,Monday,9
2017-09-18 10:00:00,52428,2017-09-18,10,Monday,9
2017-09-18 11:00:00,50675,2017-09-18,11,Monday,9
2017-09-18 12:00:00,51796,2017-09-18,12,Monday,9
2017-09-18 13:00:00,54410,2017-09-18,13,Monday,9
2017-09-18 14:00:00,56017,2017-09-18,14,Monday,9
2017-09-18 15:00:00,54053,2017-09-18,15,Monday,9
2017-09-18 16:00:00,58302,2017-09-18,16,Monday,9
2017-09-18 17:00:00,62685,2017-09-18,17,Monday,9
2017-09-18 18:00:00,68106,2017-09-18,18,Monday,9
2017-09-18 19:00:00,73857,2017-09-18,19,Monday,9
2017-09-18 20:00:00,75762,2017-09-18,20,Monday,9
2017-09-18 21:00:00,77382,2017-09-18,21,Monday,9
2017-09-18 22:00:00,76693,2017-09-18,22,Monday,9
2017-09-18 23:00:00,74549,2017-09-18,23,Monday,9
2017-09-19 00:00:00,71233,2017-09-19,0,Tuesday,9
2017-09-19 01:00:00,68866,2017-09-19,1,Tuesday,9
2017-09-19 02:00:00,66440,2017-09-19,2,Tuesday,9
2017-09-19 03:00:00,62779,2017-09-19,3,Tuesday,9
2017-09-19 04:00:00,58050,2017-09-19,4,Tuesday,9
2017-09-19 05:00:00,53944,2017-09-19,5,Tuesday,9
2017-09-19 06:00:00,51361,2017-09-19,6,Tuesday,9
2017-09-19 07:00:00,51550,2017-09-19,7,Tuesday,9
2017-09-19 08:00:00,50982,2017-09-19,8,Tuesday,9
2017-09-19 09:00:00,51692,2017-09-19,9,Tuesday,9
2017-09-19 10:00:00,50687,2017-09-19,10,Tuesday,9
2017-09-19 11:00:00,51662,2017-09-19,11,Tuesday,9
2017-09-19 12:00:00,56039,2017-09-19,12,Tuesday,9
2017-09-19 13:00:00,59639,2017-09-19,13,Tuesday,9
2017-09-19 14:00:00,62115,2017-09-19,14,Tuesday,9
2017-09-19 15:00:00,62823,2017-09-19,15,Tuesday,9
2017-09-19 16:00:00,67087,2017-09-19,16,Tuesday,9
2017-09-19 17:00:00,71300,2017-09-19,17,Tuesday,9
2017-09-19 18:00:00,76563,2017-09-19,18,Tuesday,9
2017-09-19 19:00:00,84517,2017-09-19,19,Tuesday,9
2017-09-19 20:00:00,83897,2017-09-19,20,Tuesday,9
2017-09-19 21:00:00,86050,2017-09-19,21,Tuesday,9
2017-09-19 22:00:00,80220,2017-09-19,22,Tuesday,9
2017-09-19 23:00:00,79642,2017-09-19,23,Tuesday,9
2017-09-20 00:00:00,78092,2017-09-20,0,Wednesday,9
2017-09-20 01:00:00,76775,2017-09-20,1,Wednesday,9
2017-09-20 02:00:00,74422,2017-09-20,2,Wednesday,9
2017-09-20 03:00:00,70105,2017-09-20,3,Wednesday,9
2017-09-20 04:00:00,68210,2017-09-20,4,Wednesday,9
2017-09-20 05:00:00,67565,2017-09-20,5,Wednesday,9
2017-09-20 06:00:00,66244,2017-09-20,6,Wednesday,9
2017-09-20 07:00:00,65067,2017-09-20,7,Wednesday,9
2017-09-20 08:00:00,59641,2017-09-20,8,Wednesday,9
2017-09-20 09:00:00,55794,2017-09-20,9,Wednesday,9
2017-09-20 10:00:00,54291,2017-09-20,10,Wednesday,9
2017-09-20 11:00:00,53475,2017-09-20,11,Wednesday,9
2017-09-20 12:00:00,54009,2017-09-20,12,Wednesday,9
2017-09-20 13:00:00,55415,2017-09-20,13,Wednesday,9
2017-09-20 14:00:00,56963,2017-09-20,14,Wednesday,9
2017-09-20 15:00:00,57175,2017-09-20,15,Wednesday,9
2017-09-20 16:00:00,60693,2017-09-20,16,Wednesday,9
2017-09-20 17:00:00,66504,2017-09-20,17,Wednesday,9
2017-09-20 18:00:00,71740,2017-09-20,18,Wednesday,9
2017-09-20 19:00:00,75327,2017-09-20,19,Wednesday,9
2017-09-20 20:00:00,76786,2017-09-20,20,Wednesday,9
2017-09-20 21:00:00,77483,2017-09-20,21,Wednesday,9
2017-09-20 22:00:00,77915,2017-09-20,22,Wednesday,9
2017-09-20 23:00:00,77473,2017-09-20,23,Wednesday,9
2017-09-21 00:00:00,75764,2017-09-21,0,Thursday,9
2017-09-21 01:00:00,74799,2017-09-21,1,Thursday,9
2017-09-21 02:00:00,73177,2017-09-21,2,Thursday,9
2017-09-21 03:00:00,69909,2017-09-21,3,Thursday,9
2017-09-21 04:00:00,66053,2017-09-21,4,Thursday,9
2017-09-21 05:00:00,65046,2017-09-21,5,Thursday,9
2017-09-21 06:00:00,64150,2017-09-21,6,Thursday,9
2017-09-21 07:00:00,62736,2017-09-21,7,Thursday,9
2017-09-21 08:00:00,60154,2017-09-21,8,Thursday,9
2017-09-21 09:00:00,56100,2017-09-21,9,Thursday,9
2017-09-21 10:00:00,54092,2017-09-21,10,Thursday,9
2017-09-21 11:00:00,52213,2017-09-21,11,Thursday,9
2017-09-21 12:00:00,53697,2017-09-21,12,Thursday,9
2017-09-21 13:00:00,55122,2017-09-21,13,Thursday,9
2017-09-21 14:00:00,56045,2017-09-21,14,Thursday,9
2017-09-21 15:00:00,56754,2017-09-21,15,Thursday,9
2017-09-21 16:00:00,60428,2017-09-21,16,Thursday,9
2017-09-21 17:00:00,65186,2017-09-21,17,Thursday,9
2017-09-21 18:00:00,70459,2017-09-21,18,Thursday,9
2017-09-21 19:00:00,71476,2017-09-21,19,Thursday,9
2017-09-21 20:00:00,72355,2017-09-21,20,Thursday,9
2017-09-21 21:00:00,72343,2017-09-21,21,Thursday,9
2017-09-21 22:00:00,71813,2017-09-21,22,Thursday,9
2017-09-21 23:00:00,71976,2017-09-21,23,Thursday,9
2017-09-22 00:00:00,69656,2017-09-22,0,Friday,9
2017-09-22 01:00:00,69167,2017-09-22,1,Friday,9
2017-09-22 02:00:00,68823,2017-09-22,2,Friday,9
2017-09-22 03:00:00,66720,2017-09-22,3,Friday,9
2017-09-22 04:00:00,61024,2017-09-22,4,Friday,9
2017-09-22 05:00:00,59508,2017-09-22,5,Friday,9
2017-09-22 06:00:00,50709,2017-09-22,6,Friday,9
2017-09-22 07:00:00,50725,2017-09-22,7,Friday,9
2017-09-22 08:00:00,50860,2017-09-22,8,Friday,9
2017-09-22 09:00:00,52317,2017-09-22,9,Friday,9
2017-09-22 10:00:00,51064,2017-09-22,10,Friday,9
2017-09-22 11:00:00,49668,2017-09-22,11,Friday,9
2017-09-22 12:00:00,52534,2017-09-22,12,Friday,9
2017-09-22 13:00:00,55648,2017-09-22,13,Friday,9
2017-09-22 14:00:00,60586,2017-09-22,14,Friday,9
2017-09-22 15:00:00,57271,2017-09-22,15,Friday,9
2017-09-22 16:00:00,62050,2017-09-22,16,Friday,9
2017-09-22 17:00:00,64489,2017-09-22,17,Friday,9
2017-09-22 18:00:00,66823,2017-09-22,18,Friday,9
2017-09-22 19:00:00,68768,2017-09-22,19,Friday,9
2017-09-22 20:00:00,70708,2017-09-22,20,Friday,9
2017-09-22 21:00:00,71383,2017-09-22,21,Friday,9
2017-09-22 22:00:00,69637,2017-09-22,22,Friday,9
2017-09-22 23:00:00,66558,2017-09-22,23,Friday,9
2017-09-23 00:00:00,65019,2017-09-23,0,Saturday,9
2017-09-23 01:00:00,62995,2017-09-23,1,Saturday,9
2017-09-23 02:00:00,61391,2017-09-23,2,Saturday,9
2017-09-23 03:00:00,59185,2017-09-23,3,Saturday,9
2017-09-23 04:00:00,53715,2017-09-23,4,Saturday,9
2017-09-23 05:00:00,50624,2017-09-23,5,Saturday,9
2017-09-23 06:00:00,48611,2017-09-23,6,Saturday,9
2017-09-23 07:00:00,49079,2017-09-23,7,Saturday,9
2017-09-23 08:00:00,48963,2017-09-23,8,Saturday,9
2017-09-23 09:00:00,50591,2017-09-23,9,Saturday,9
2017-09-23 10:00:00,49870,2017-09-23,10,Saturday,9
2017-09-23 11:00:00,48872,2017-09-23,11,Saturday,9
2017-09-23 12:00:00,50151,2017-09-23,12,Saturday,9
2017-09-23 13:00:00,52943,2017-09-23,13,Saturday,9
2017-09-23 14:00:00,54573,2017-09-23,14,Saturday,9
2017-09-23 15:00:00,53746,2017-09-23,15,Saturday,9
2017-09-23 16:00:00,56320,2017-09-23,16,Saturday,9
2017-09-23 17:00:00,60626,2017-09-23,17,Saturday,9
2017-09-23 18:00:00,64744,2017-09-23,18,Saturday,9
2017-09-23 19:00:00,67291,2017-09-23,19,Saturday,9
2017-09-23 20:00:00,70571,2017-09-23,20,Saturday,9
2017-09-23 21:00:00,69588,2017-09-23,21,Saturday,9
2017-09-23 22:00:00,69212,2017-09-23,22,Saturday,9
2017-09-23 23:00:00,67993,2017-09-23,23,Saturday,9
2017-09-24 00:00:00,66757,2017-09-24,0,Sunday,9
2017-09-24 01:00:00,65466,2017-09-24,1,Sunday,9
2017-09-24 02:00:00,65469,2017-09-24,2,Sunday,9
2017-09-24 03:00:00,61754,2017-09-24,3,Sunday,9
2017-09-24 04:00:00,55714,2017-09-24,4,Sunday,9
2017-09-24 05:00:00,51607,2017-09-24,5,Sunday,9
2017-09-24 06:00:00,49871,2017-09-24,6,Sunday,9
2017-09-24 07:00:00,48958,2017-09-24,7,Sunday,9
2017-09-24 08:00:00,48962,2017-09-24,8,Sunday,9
2017-09-24 09:00:00,50420,2017-09-24,9,Sunday,9
2017-09-24 10:00:00,49263,2017-09-24,10,Sunday,9
2017-09-24 11:00:00,49019,2017-09-24,11,Sunday,9
2017-09-24 12:00:00,50344,2017-09-24,12,Sunday,9
2017-09-24 13:00:00,52061,2017-09-24,13,Sunday,9
2017-09-24 14:00:00,54843,2017-09-24,14,Sunday,9
2017-09-24 15:00:00,65374,2017-09-24,15,Sunday,9
2017-09-24 16:00:00,66225,2017-09-24,16,Sunday,9
2017-09-24 17:00:00,73057,2017-09-24,17,Sunday,9
2017-09-24 18:00:00,77246,2017-09-24,18,Sunday,9
2017-09-24 19:00:00,78536,2017-09-24,19,Sunday,9
2017-09-24 20:00:00,78251,2017-09-24,20,Sunday,9
2017-09-24 21:00:00,78025,2017-09-24,21,Sunday,9
2017-09-24 22:00:00,76440,2017-09-24,22,Sunday,9
2017-09-24 23:00:00,75229,2017-09-24,23,Sunday,9
2017-09-25 00:00:00,72305,2017-09-25,0,Monday,9
2017-09-25 01:00:00,70078,2017-09-25,1,Monday,9
2017-09-25 02:00:00,69438,2017-09-25,2,Monday,9
2017-09-25 03:00:00,67459,2017-09-25,3,Monday,9
2017-09-25 04:00:00,62708,2017-09-25,4,Monday,9
2017-09-25 05:00:00,60220,2017-09-25,5,Monday,9
2017-09-25 06:00:00,58541,2017-09-25,6,Monday,9
2017-09-25 07:00:00,57533,2017-09-25,7,Monday,9
2017-09-25 08:00:00,57351,2017-09-25,8,Monday,9
2017-09-25 09:00:00,56658,2017-09-25,9,Monday,9
2017-09-25 10:00:00,54792,2017-09-25,10,Monday,9
2017-09-25 11:00:00,53660,2017-09-25,11,Monday,9
2017-09-25 12:00:00,57698,2017-09-25,12,Monday,9
2017-09-25 13:00:00,61200,2017-09-25,13,Monday,9
2017-09-25 14:00:00,66643,2017-09-25,14,Monday,9
2017-09-25 15:00:00,64709,2017-09-25,15,Monday,9
2017-09-25 16:00:00,69483,2017-09-25,16,Monday,9
2017-09-25 17:00:00,72102,2017-09-25,17,Monday,9
2017-09-25 18:00:00,76685,2017-09-25,18,Monday,9
2017-09-25 19:00:00,78561,2017-09-25,19,Monday,9
2017-09-25 20:00:00,77444,2017-09-25,20,Monday,9
2017-09-25 21:00:00,79641,2017-09-25,21,Monday,9
2017-09-25 22:00:00,76697,2017-09-25,22,Monday,9
2017-09-25 23:00:00,75591,2017-09-25,23,Monday,9
2017-09-26 00:00:00,73854,2017-09-26,0,Tuesday,9
2017-09-26 01:00:00,72792,2017-09-26,1,Tuesday,9
2017-09-26 02:00:00,72462,2017-09-26,2,Tuesday,9
2017-09-26 03:00:00,71605,2017-09-26,3,Tuesday,9
2017-09-26 04:00:00,64379,2017-09-26,4,Tuesday,9
2017-09-26 05:00:00,61242,2017-09-26,5,Tuesday,9
2017-09-26 06:00:00,58720,2017-09-26,6,Tuesday,9
2017-09-26 07:00:00,58212,2017-09-26,7,Tuesday,9
2017-09-26 08:00:00,55880,2017-09-26,8,Tuesday,9
2017-09-26 09:00:00,55705,2017-09-26,9,Tuesday,9
2017-09-26 10:00:00,52942,2017-09-26,10,Tuesday,9
2017-09-26 11:00:00,53827,2017-09-26,11,Tuesday,9
2017-09-26 12:00:00,56107,2017-09-26,12,Tuesday,9
2017-09-26 13:00:00,59349,2017-09-26,13,Tuesday,9
2017-09-26 14:00:00,61252,2017-09-26,14,Tuesday,9
2017-09-26 15:00:00,61110,2017-09-26,15,Tuesday,9
2017-09-26 16:00:00,63768,2017-09-26,16,Tuesday,9
2017-09-26 17:00:00,70575,2017-09-26,17,Tuesday,9
2017-09-26 18:00:00,76635,2017-09-26,18,Tuesday,9
2017-09-26 19:00:00,82615,2017-09-26,19,Tuesday,9
2017-09-26 20:00:00,83083,2017-09-26,20,Tuesday,9
2017-09-26 21:00:00,84711,2017-09-26,21,Tuesday,9
2017-09-26 22:00:00,85459,2017-09-26,22,Tuesday,9
2017-09-26 23:00:00,83578,2017-09-26,23,Tuesday,9
2017-09-27 00:00:00,82965,2017-09-27,0,Wednesday,9
2017-09-27 01:00:00,81189,2017-09-27,1,Wednesday,9
2017-09-27 02:00:00,77848,2017-09-27,2,Wednesday,9
2017-09-27 03:00:00,75183,2017-09-27,3,Wednesday,9
2017-09-27 04:00:00,71541,2017-09-27,4,Wednesday,9
2017-09-27 05:00:00,70033,2017-09-27,5,Wednesday,9
2017-09-27 06:00:00,69894,2017-09-27,6,Wednesday,9
2017-09-27 07:00:00,68640,2017-09-27,7,Wednesday,9
2017-09-27 08:00:00,65939,2017-09-27,8,Wednesday,9
2017-09-27 09:00:00,61216,2017-09-27,9,Wednesday,9
2017-09-27 10:00:00,59338,2017-09-27,10,Wednesday,9
2017-09-27 11:00:00,58841,2017-09-27,11,Wednesday,9
2017-09-27 12:00:00,60053,2017-09-27,12,Wednesday,9
2017-09-27 13:00:00,60403,2017-09-27,13,Wednesday,9
2017-09-27 14:00:00,62692,2017-09-27,14,Wednesday,9
2017-09-27 15:00:00,61736,2017-09-27,15,Wednesday,9
2017-09-27 16:00:00,66612,2017-09-27,16,Wednesday,9
2017-09-27 17:00:00,71638,2017-09-27,17,Wednesday,9
2017-09-27 18:00:00,76374,2017-09-27,18,Wednesday,9
2017-09-27 19:00:00,80592,2017-09-27,19,Wednesday,9
2017-09-27 20:00:00,82284,2017-09-27,20,Wednesday,9
2017-09-27 21:00:00,83634,2017-09-27,21,Wednesday,9
2017-09-27 22:00:00,85375,2017-09-27,22,Wednesday,9
2017-09-27 23:00:00,84596,2017-09-27,23,Wednesday,9
2017-09-28 00:00:00,84208,2017-09-28,0,Thursday,9
2017-09-28 01:00:00,80982,2017-09-28,1,Thursday,9
2017-09-28 02:00:00,78720,2017-09-28,2,Thursday,9
2017-09-28 03:00:00,75344,2017-09-28,3,Thursday,9
2017-09-28 04:00:00,72336,2017-09-28,4,Thursday,9
2017-09-28 05:00:00,71315,2017-09-28,5,Thursday,9
2017-09-28 06:00:00,70704,2017-09-28,6,Thursday,9
2017-09-28 07:00:00,70122,2017-09-28,7,Thursday,9
2017-09-28 08:00:00,66729,2017-09-28,8,Thursday,9
2017-09-28 09:00:00,62317,2017-09-28,9,Thursday,9
2017-09-28 10:00:00,60005,2017-09-28,10,Thursday,9
2017-09-28 11:00:00,59690,2017-09-28,11,Thursday,9
2017-09-28 12:00:00,60353,2017-09-28,12,Thursday,9
2017-09-28 13:00:00,64640,2017-09-28,13,Thursday,9
2017-09-28 14:00:00,69613,2017-09-28,14,Thursday,9
2017-09-28 15:00:00,66765,2017-09-28,15,Thursday,9
2017-09-28 16:00:00,71932,2017-09-28,16,Thursday,9
2017-09-28 17:00:00,75102,2017-09-28,17,Thursday,9
2017-09-28 18:00:00,77750,2017-09-28,18,Thursday,9
2017-09-28 19:00:00,79443,2017-09-28,19,Thursday,9
2017-09-28 20:00:00,79395,2017-09-28,20,Thursday,9
2017-09-28 21:00:00,80308,2017-09-28,21,Thursday,9
2017-09-28 22:00:00,77664,2017-09-28,22,Thursday,9
2017-09-28 23:00:00,77529,2017-09-28,23,Thursday,9
2017-09-29 00:00:00,75636,2017-09-29,0,Friday,9
2017-09-29 01:00:00,74184,2017-09-29,1,Friday,9
2017-09-29 02:00:00,72712,2017-09-29,2,Friday,9
2017-09-29 03:00:00,70029,2017-09-29,3,Friday,9
2017-09-29 04:00:00,64418,2017-09-29,4,Friday,9
2017-09-29 05:00:00,62942,2017-09-29,5,Friday,9
2017-09-29 06:00:00,56076,2017-09-29,6,Friday,9
2017-09-29 07:00:00,55654,2017-09-29,7,Friday,9
2017-09-29 08:00:00,56498,2017-09-29,8,Friday,9
2017-09-29 09:00:00,56808,2017-09-29,9,Friday,9
2017-09-29 10:00:00,56643,2017-09-29,10,Friday,9
2017-09-29 11:00:00,55802,2017-09-29,11,Friday,9
2017-09-29 12:00:00,56297,2017-09-29,12,Friday,9
2017-09-29 13:00:00,58625,2017-09-29,13,Friday,9
2017-09-29 14:00:00,61383,2017-09-29,14,Friday,9
2017-09-29 15:00:00,59457,2017-09-29,15,Friday,9
2017-09-29 16:00:00,62501,2017-09-29,16,Friday,9
2017-09-29 17:00:00,66839,2017-09-29,17,Friday,9
2017-09-29 18:00:00,71128,2017-09-29,18,Friday,9
2017-09-29 19:00:00,74290,2017-09-29,19,Friday,9
2017-09-29 20:00:00,74407,2017-09-29,20,Friday,9
2017-09-29 21:00:00,75793,2017-09-29,21,Friday,9
2017-09-29 22:00:00,74139,2017-09-29,22,Friday,9
2017-09-29 23:00:00,73247,2017-09-29,23,Friday,9
2017-09-30 00:00:00,73080,2017-09-30,0,Saturday,9
2017-09-30 01:00:00,69719,2017-09-30,1,Saturday,9
2017-09-30 02:00:00,67484,2017-09-30,2,Saturday,9
2017-09-30 03:00:00,64683,2017-09-30,3,Saturday,9
2017-09-30 04:00:00,60390,2017-09-30,4,Saturday,9
2017-09-30 05:00:00,55925,2017-09-30,5,Saturday,9
2017-09-30 06:00:00,54232,2017-09-30,6,Saturday,9
2017-09-30 07:00:00,54096,2017-09-30,7,Saturday,9
2017-09-30 08:00:00,54992,2017-09-30,8,Saturday,9
2017-09-30 09:00:00,54985,2017-09-30,9,Saturday,9
2017-09-30 10:00:00,55288,2017-09-30,10,Saturday,9
2017-09-30 11:00:00,54305,2017-09-30,11,Saturday,9
2017-09-30 12:00:00,56426,2017-09-30,12,Saturday,9
2017-09-30 13:00:00,58989,2017-09-30,13,Saturday,9
2017-09-30 14:00:00,61063,2017-09-30,14,Saturday,9
2017-09-30 15:00:00,59611,2017-09-30,15,Saturday,9
2017-09-30 16:00:00,62506,2017-09-30,16,Saturday,9
2017-09-30 17:00:00,68542,2017-09-30,17,Saturday,9
2017-09-30 18:00:00,73055,2017-09-30,18,Saturday,9
2017-09-30 19:00:00,74948,2017-09-30,19,Saturday,9
2017-09-30 20:00:00,76188,2017-09-30,20,Saturday,9
2017-09-30 21:00:00,74532,2017-09-30,21,Saturday,9
2017-09-30 22:00:00,75922,2017-09-30,22,Saturday,9
2017-09-30 23:00:00,75863,2017-09-30,23,Saturday,9
2017-10-01 00:00:00,73673,2017-10-01,0,Sunday,10
2017-10-01 01:00:00,72369,2017-10-01,1,Sunday,10
2017-10-01 02:00:00,72400,2017-10-01,2,Sunday,10
2017-10-01 03:00:00,69140,2017-10-01,3,Sunday,10
2017-10-01 04:00:00,61371,2017-10-01,4,Sunday,10
2017-10-01 05:00:00,57480,2017-10-01,5,Sunday,10
2017-10-01 06:00:00,54701,2017-10-01,6,Sunday,10
2017-10-01 07:00:00,55910,2017-10-01,7,Sunday,10
2017-10-01 08:00:00,57580,2017-10-01,8,Sunday,10
2017-10-01 09:00:00,58147,2017-10-01,9,Sunday,10
2017-10-01 10:00:00,58805,2017-10-01,10,Sunday,10
2017-10-01 11:00:00,58638,2017-10-01,11,Sunday,10
2017-10-01 12:00:00,61491,2017-10-01,12,Sunday,10
2017-10-01 13:00:00,65275,2017-10-01,13,Sunday,10
2017-10-01 14:00:00,70804,2017-10-01,14,Sunday,10
2017-10-01 15:00:00,69158,2017-10-01,15,Sunday,10
2017-10-01 16:00:00,74013,2017-10-01,16,Sunday,10
2017-10-01 17:00:00,74976,2017-10-01,17,Sunday,10
2017-10-01 18:00:00,80914,2017-10-01,18,Sunday,10
2017-10-01 19:00:00,82354,2017-10-01,19,Sunday,10
2017-10-01 20:00:00,82838,2017-10-01,20,Sunday,10
2017-10-01 21:00:00,85979,2017-10-01,21,Sunday,10
2017-10-01 22:00:00,81651,2017-10-01,22,Sunday,10
2017-10-01 23:00:00,78882,2017-10-01,23,Sunday,10
2017-10-02 00:00:00,75500,2017-10-02,0,Monday,10
2017-10-02 01:00:00,74589,2017-10-02,1,Monday,10
2017-10-02 02:00:00,74090,2017-10-02,2,Monday,10
2017-10-02 03:00:00,69695,2017-10-02,3,Monday,10
2017-10-02 04:00:00,64298,2017-10-02,4,Monday,10
2017-10-02 05:00:00,59747,2017-10-02,5,Monday,10
2017-10-02 06:00:00,57118,2017-10-02,6,Monday,10
2017-10-02 07:00:00,57458,2017-10-02,7,Monday,10
2017-10-02 08:00:00,56781,2017-10-02,8,Monday,10
2017-10-02 09:00:00,56565,2017-10-02,9,Monday,10
2017-10-02 10:00:00,56580,2017-10-02,10,Monday,10
2017-10-02 11:00:00,57274,2017-10-02,11,Monday,10
2017-10-02 12:00:00,59304,2017-10-02,12,Monday,10
2017-10-02 13:00:00,62635,2017-10-02,13,Monday,10
2017-10-02 14:00:00,64741,2017-10-02,14,Monday,10
2017-10-02 15:00:00,65075,2017-10-02,15,Monday,10
2017-10-02 16:00:00,68442,2017-10-02,16,Monday,10
2017-10-02 17:00:00,73336,2017-10-02,17,Monday,10
2017-10-02 18:00:00,78417,2017-10-02,18,Monday,10
2017-10-02 19:00:00,81628,2017-10-02,19,Monday,10
2017-10-02 20:00:00,81807,2017-10-02,20,Monday,10
2017-10-02 21:00:00,83767,2017-10-02,21,Monday,10
2017-10-02 22:00:00,84843,2017-10-02,22,Monday,10
2017-10-02 23:00:00,84650,2017-10-02,23,Monday,10
2017-10-03 00:00:00,83671,2017-10-03,0,Tuesday,10
2017-10-03 01:00:00,81283,2017-10-03,1,Tuesday,10
2017-10-03 02:00:00,81500,2017-10-03,2,Tuesday,10
2017-10-03 03:00:00,80159,2017-10-03,3,Tuesday,10
2017-10-03 04:00:00,77429,2017-10-03,4,Tuesday,10
2017-10-03 05:00:00,76731,2017-10-03,5,Tuesday,10
2017-10-03 06:00:00,74660,2017-10-03,6,Tuesday,10
2017-10-03 07:00:00,70998,2017-10-03,7,Tuesday,10
2017-10-03 08:00:00,66020,2017-10-03,8,Tuesday,10
2017-10-03 09:00:00,60692,2017-10-03,9,Tuesday,10
2017-10-03 10:00:00,57934,2017-10-03,10,Tuesday,10
2017-10-03 11:00:00,60008,2017-10-03,11,Tuesday,10
2017-10-03 12:00:00,62444,2017-10-03,12,Tuesday,10
2017-10-03 13:00:00,66014,2017-10-03,13,Tuesday,10
2017-10-03 14:00:00,68881,2017-10-03,14,Tuesday,10
2017-10-03 15:00:00,68739,2017-10-03,15,Tuesday,10
2017-10-03 16:00:00,74716,2017-10-03,16,Tuesday,10
2017-10-03 17:00:00,81037,2017-10-03,17,Tuesday,10
2017-10-03 18:00:00,85652,2017-10-03,18,Tuesday,10
2017-10-03 19:00:00,92625,2017-10-03,19,Tuesday,10
2017-10-03 20:00:00,93888,2017-10-03,20,Tuesday,10
2017-10-03 21:00:00,94361,2017-10-03,21,Tuesday,10
2017-10-03 22:00:00,94013,2017-10-03,22,Tuesday,10
2017-10-03 23:00:00,93162,2017-10-03,23,Tuesday,10
2017-10-04 00:00:00,91590,2017-10-04,0,Wednesday,10
2017-10-04 01:00:00,87331,2017-10-04,1,Wednesday,10
2017-10-04 02:00:00,84851,2017-10-04,2,Wednesday,10
2017-10-04 03:00:00,79400,2017-10-04,3,Wednesday,10
2017-10-04 04:00:00,76609,2017-10-04,4,Wednesday,10
2017-10-04 05:00:00,75089,2017-10-04,5,Wednesday,10
2017-10-04 06:00:00,75075,2017-10-04,6,Wednesday,10
2017-10-04 07:00:00,74168,2017-10-04,7,Wednesday,10
2017-10-04 08:00:00,71068,2017-10-04,8,Wednesday,10
2017-10-04 09:00:00,65665,2017-10-04,9,Wednesday,10
2017-10-04 10:00:00,62235,2017-10-04,10,Wednesday,10
2017-10-04 11:00:00,62908,2017-10-04,11,Wednesday,10
2017-10-04 12:00:00,65099,2017-10-04,12,Wednesday,10
2017-10-04 13:00:00,66757,2017-10-04,13,Wednesday,10
2017-10-04 14:00:00,72785,2017-10-04,14,Wednesday,10
2017-10-04 15:00:00,71855,2017-10-04,15,Wednesday,10
2017-10-04 16:00:00,78468,2017-10-04,16,Wednesday,10
2017-10-04 17:00:00,80741,2017-10-04,17,Wednesday,10
2017-10-04 18:00:00,85825,2017-10-04,18,Wednesday,10
2017-10-04 19:00:00,89779,2017-10-04,19,Wednesday,10
2017-10-04 20:00:00,92259,2017-10-04,20,Wednesday,10
2017-10-04 21:00:00,93531,2017-10-04,21,Wednesday,10
2017-10-04 22:00:00,90853,2017-10-04,22,Wednesday,10
2017-10-04 23:00:00,90624,2017-10-04,23,Wednesday,10
2017-10-05 00:00:00,88933,2017-10-05,0,Thursday,10
2017-10-05 01:00:00,87286,2017-10-05,1,Thursday,10
2017-10-05 02:00:00,85053,2017-10-05,2,Thursday,10
2017-10-05 03:00:00,81618,2017-10-05,3,Thursday,10
2017-10-05 04:00:00,75603,2017-10-05,4,Thursday,10
2017-10-05 05:00:00,74772,2017-10-05,5,Thursday,10
2017-10-05 06:00:00,75225,2017-10-05,6,Thursday,10
2017-10-05 07:00:00,73028,2017-10-05,7,Thursday,10
2017-10-05 08:00:00,70598,2017-10-05,8,Thursday,10
2017-10-05 09:00:00,67000,2017-10-05,9,Thursday,10
2017-10-05 10:00:00,62056,2017-10-05,10,Thursday,10
2017-10-05 11:00:00,62408,2017-10-05,11,Thursday,10
2017-10-05 12:00:00,64222,2017-10-05,12,Thursday,10
2017-10-05 13:00:00,64454,2017-10-05,13,Thursday,10
2017-10-05 14:00:00,66834,2017-10-05,14,Thursday,10
2017-10-05 15:00:00,66712,2017-10-05,15,Thursday,10
2017-10-05 16:00:00,70793,2017-10-05,16,Thursday,10
2017-10-05 17:00:00,75428,2017-10-05,17,Thursday,10
2017-10-05 18:00:00,81198,2017-10-05,18,Thursday,10
2017-10-05 19:00:00,83332,2017-10-05,19,Thursday,10
2017-10-05 20:00:00,84196,2017-10-05,20,Thursday,10
2017-10-05 21:00:00,83141,2017-10-05,21,Thursday,10
2017-10-05 22:00:00,83011,2017-10-05,22,Thursday,10
2017-10-05 23:00:00,82612,2017-10-05,23,Thursday,10
2017-10-06 00:00:00,81574,2017-10-06,0,Friday,10
2017-10-06 01:00:00,80483,2017-10-06,1,Friday,10
2017-10-06 02:00:00,78365,2017-10-06,2,Friday,10
2017-10-06 03:00:00,77069,2017-10-06,3,Friday,10
2017-10-06 04:00:00,70276,2017-10-06,4,Friday,10
2017-10-06 05:00:00,68764,2017-10-06,5,Friday,10
2017-10-06 06:00:00,59972,2017-10-06,6,Friday,10
2017-10-06 07:00:00,58778,2017-10-06,7,Friday,10
2017-10-06 08:00:00,59747,2017-10-06,8,Friday,10
2017-10-06 09:00:00,59816,2017-10-06,9,Friday,10
2017-10-06 10:00:00,59071,2017-10-06,10,Friday,10
2017-10-06 11:00:00,58132,2017-10-06,11,Friday,10
2017-10-06 12:00:00,59161,2017-10-06,12,Friday,10
2017-10-06 13:00:00,61865,2017-10-06,13,Friday,10
2017-10-06 14:00:00,63441,2017-10-06,14,Friday,10
2017-10-06 15:00:00,62864,2017-10-06,15,Friday,10
2017-10-06 16:00:00,66276,2017-10-06,16,Friday,10
2017-10-06 17:00:00,70585,2017-10-06,17,Friday,10
2017-10-06 18:00:00,75150,2017-10-06,18,Friday,10
2017-10-06 19:00:00,79723,2017-10-06,19,Friday,10
2017-10-06 20:00:00,80328,2017-10-06,20,Friday,10
2017-10-06 21:00:00,79986,2017-10-06,21,Friday,10
2017-10-06 22:00:00,79636,2017-10-06,22,Friday,10
2017-10-06 23:00:00,78662,2017-10-06,23,Friday,10
2017-10-07 00:00:00,77232,2017-10-07,0,Saturday,10
2017-10-07 01:00:00,74698,2017-10-07,1,Saturday,10
2017-10-07 02:00:00,72959,2017-10-07,2,Saturday,10
2017-10-07 03:00:00,69757,2017-10-07,3,Saturday,10
2017-10-07 04:00:00,64730,2017-10-07,4,Saturday,10
2017-10-07 05:00:00,58686,2017-10-07,5,Saturday,10
2017-10-07 06:00:00,55077,2017-10-07,6,Saturday,10
2017-10-07 07:00:00,54946,2017-10-07,7,Saturday,10
2017-10-07 08:00:00,55606,2017-10-07,8,Saturday,10
2017-10-07 09:00:00,56981,2017-10-07,9,Saturday,10
2017-10-07 10:00:00,56811,2017-10-07,10,Saturday,10
2017-10-07 11:00:00,55258,2017-10-07,11,Saturday,10
2017-10-07 12:00:00,57263,2017-10-07,12,Saturday,10
2017-10-07 13:00:00,61219,2017-10-07,13,Saturday,10
2017-10-07 14:00:00,67942,2017-10-07,14,Saturday,10
2017-10-07 15:00:00,67853,2017-10-07,15,Saturday,10
2017-10-07 16:00:00,72634,2017-10-07,16,Saturday,10
2017-10-07 17:00:00,73934,2017-10-07,17,Saturday,10
2017-10-07 18:00:00,78629,2017-10-07,18,Saturday,10
2017-10-07 19:00:00,80677,2017-10-07,19,Saturday,10
2017-10-07 20:00:00,82284,2017-10-07,20,Saturday,10
2017-10-07 21:00:00,79657,2017-10-07,21,Saturday,10
2017-10-07 22:00:00,74568,2017-10-07,22,Saturday,10
2017-10-07 23:00:00,74381,2017-10-07,23,Saturday,10
2017-10-08 00:00:00,72883,2017-10-08,0,Sunday,10
2017-10-08 01:00:00,69958,2017-10-08,1,Sunday,10
2017-10-08 02:00:00,69108,2017-10-08,2,Sunday,10
2017-10-08 03:00:00,65655,2017-10-08,3,Sunday,10
2017-10-08 04:00:00,60469,2017-10-08,4,Sunday,10
2017-10-08 05:00:00,56640,2017-10-08,5,Sunday,10
2017-10-08 06:00:00,55101,2017-10-08,6,Sunday,10
2017-10-08 07:00:00,54314,2017-10-08,7,Sunday,10
2017-10-08 08:00:00,55218,2017-10-08,8,Sunday,10
2017-10-08 09:00:00,55846,2017-10-08,9,Sunday,10
2017-10-08 10:00:00,56609,2017-10-08,10,Sunday,10
2017-10-08 11:00:00,55754,2017-10-08,11,Sunday,10
2017-10-08 12:00:00,57038,2017-10-08,12,Sunday,10
2017-10-08 13:00:00,58793,2017-10-08,13,Sunday,10
2017-10-08 14:00:00,61944,2017-10-08,14,Sunday,10
2017-10-08 15:00:00,63102,2017-10-08,15,Sunday,10
2017-10-08 16:00:00,67204,2017-10-08,16,Sunday,10
2017-10-08 17:00:00,71619,2017-10-08,17,Sunday,10
2017-10-08 18:00:00,74936,2017-10-08,18,Sunday,10
2017-10-08 19:00:00,78523,2017-10-08,19,Sunday,10
2017-10-08 20:00:00,78898,2017-10-08,20,Sunday,10
2017-10-08 21:00:00,76113,2017-10-08,21,Sunday,10
2017-10-08 22:00:00,76124,2017-10-08,22,Sunday,10
2017-10-08 23:00:00,73449,2017-10-08,23,Sunday,10
2017-10-09 00:00:00,72294,2017-10-09,0,Monday,10
2017-10-09 01:00:00,69402,2017-10-09,1,Monday,10
2017-10-09 02:00:00,68142,2017-10-09,2,Monday,10
2017-10-09 03:00:00,67081,2017-10-09,3,Monday,10
2017-10-09 04:00:00,62765,2017-10-09,4,Monday,10
2017-10-09 05:00:00,57996,2017-10-09,5,Monday,10
2017-10-09 06:00:00,56886,2017-10-09,6,Monday,10
2017-10-09 07:00:00,56040,2017-10-09,7,Monday,10
2017-10-09 08:00:00,55439,2017-10-09,8,Monday,10
2017-10-09 09:00:00,56927,2017-10-09,9,Monday,10
2017-10-09 10:00:00,56495,2017-10-09,10,Monday,10
2017-10-09 11:00:00,56915,2017-10-09,11,Monday,10
2017-10-09 12:00:00,58724,2017-10-09,12,Monday,10
2017-10-09 13:00:00,60722,2017-10-09,13,Monday,10
2017-10-09 14:00:00,65302,2017-10-09,14,Monday,10
2017-10-09 15:00:00,64668,2017-10-09,15,Monday,10
2017-10-09 16:00:00,67953,2017-10-09,16,Monday,10
2017-10-09 17:00:00,71948,2017-10-09,17,Monday,10
2017-10-09 18:00:00,76620,2017-10-09,18,Monday,10
2017-10-09 19:00:00,80170,2017-10-09,19,Monday,10
2017-10-09 20:00:00,81935,2017-10-09,20,Monday,10
2017-10-09 21:00:00,79368,2017-10-09,21,Monday,10
2017-10-09 22:00:00,77091,2017-10-09,22,Monday,10
2017-10-09 23:00:00,75983,2017-10-09,23,Monday,10
2017-10-10 00:00:00,73647,2017-10-10,0,Tuesday,10
2017-10-10 01:00:00,71457,2017-10-10,1,Tuesday,10
2017-10-10 02:00:00,69615,2017-10-10,2,Tuesday,10
2017-10-10 03:00:00,66685,2017-10-10,3,Tuesday,10
2017-10-10 04:00:00,62939,2017-10-10,4,Tuesday,10
2017-10-10 05:00:00,58800,2017-10-10,5,Tuesday,10
2017-10-10 06:00:00,58036,2017-10-10,6,Tuesday,10
2017-10-10 07:00:00,56790,2017-10-10,7,Tuesday,10
2017-10-10 08:00:00,56078,2017-10-10,8,Tuesday,10
2017-10-10 09:00:00,56456,2017-10-10,9,Tuesday,10
2017-10-10 10:00:00,57227,2017-10-10,10,Tuesday,10
2017-10-10 11:00:00,58152,2017-10-10,11,Tuesday,10
2017-10-10 12:00:00,62499,2017-10-10,12,Tuesday,10
2017-10-10 13:00:00,69600,2017-10-10,13,Tuesday,10
2017-10-10 14:00:00,75422,2017-10-10,14,Tuesday,10
2017-10-10 15:00:00,74908,2017-10-10,15,Tuesday,10
2017-10-10 16:00:00,78550,2017-10-10,16,Tuesday,10
2017-10-10 17:00:00,83057,2017-10-10,17,Tuesday,10
2017-10-10 18:00:00,88444,2017-10-10,18,Tuesday,10
2017-10-10 19:00:00,93693,2017-10-10,19,Tuesday,10
2017-10-10 20:00:00,96027,2017-10-10,20,Tuesday,10
2017-10-10 21:00:00,101215,2017-10-10,21,Tuesday,10
2017-10-10 22:00:00,96155,2017-10-10,22,Tuesday,10
2017-10-10 23:00:00,90894,2017-10-10,23,Tuesday,10
2017-10-11 00:00:00,88331,2017-10-11,0,Wednesday,10
2017-10-11 01:00:00,85286,2017-10-11,1,Wednesday,10
2017-10-11 02:00:00,83295,2017-10-11,2,Wednesday,10
2017-10-11 03:00:00,78885,2017-10-11,3,Wednesday,10
2017-10-11 04:00:00,75332,2017-10-11,4,Wednesday,10
2017-10-11 05:00:00,74178,2017-10-11,5,Wednesday,10
2017-10-11 06:00:00,73543,2017-10-11,6,Wednesday,10
2017-10-11 07:00:00,73324,2017-10-11,7,Wednesday,10
2017-10-11 08:00:00,69397,2017-10-11,8,Wednesday,10
2017-10-11 09:00:00,64829,2017-10-11,9,Wednesday,10
2017-10-11 10:00:00,62274,2017-10-11,10,Wednesday,10
2017-10-11 11:00:00,62627,2017-10-11,11,Wednesday,10
2017-10-11 12:00:00,63580,2017-10-11,12,Wednesday,10
2017-10-11 13:00:00,65428,2017-10-11,13,Wednesday,10
2017-10-11 14:00:00,70160,2017-10-11,14,Wednesday,10
2017-10-11 15:00:00,71385,2017-10-11,15,Wednesday,10
2017-10-11 16:00:00,75699,2017-10-11,16,Wednesday,10
2017-10-11 17:00:00,81098,2017-10-11,17,Wednesday,10
2017-10-11 18:00:00,86986,2017-10-11,18,Wednesday,10
2017-10-11 19:00:00,90268,2017-10-11,19,Wednesday,10
2017-10-11 20:00:00,93305,2017-10-11,20,Wednesday,10
2017-10-11 21:00:00,94672,2017-10-11,21,Wednesday,10
2017-10-11 22:00:00,94720,2017-10-11,22,Wednesday,10
2017-10-11 23:00:00,89752,2017-10-11,23,Wednesday,10
2017-10-12 00:00:00,88166,2017-10-12,0,Thursday,10
2017-10-12 01:00:00,84468,2017-10-12,1,Thursday,10
2017-10-12 02:00:00,81675,2017-10-12,2,Thursday,10
2017-10-12 03:00:00,79368,2017-10-12,3,Thursday,10
2017-10-12 04:00:00,75655,2017-10-12,4,Thursday,10
2017-10-12 05:00:00,73645,2017-10-12,5,Thursday,10
2017-10-12 06:00:00,73906,2017-10-12,6,Thursday,10
2017-10-12 07:00:00,73218,2017-10-12,7,Thursday,10
2017-10-12 08:00:00,69927,2017-10-12,8,Thursday,10
2017-10-12 09:00:00,65857,2017-10-12,9,Thursday,10
2017-10-12 10:00:00,62969,2017-10-12,10,Thursday,10
2017-10-12 11:00:00,62239,2017-10-12,11,Thursday,10
2017-10-12 12:00:00,63723,2017-10-12,12,Thursday,10
2017-10-12 13:00:00,65235,2017-10-12,13,Thursday,10
2017-10-12 14:00:00,67409,2017-10-12,14,Thursday,10
2017-10-12 15:00:00,67332,2017-10-12,15,Thursday,10
2017-10-12 16:00:00,72365,2017-10-12,16,Thursday,10
2017-10-12 17:00:00,77732,2017-10-12,17,Thursday,10
2017-10-12 18:00:00,82012,2017-10-12,18,Thursday,10
2017-10-12 19:00:00,84948,2017-10-12,19,Thursday,10
2017-10-12 20:00:00,85629,2017-10-12,20,Thursday,10
2017-10-12 21:00:00,88059,2017-10-12,21,Thursday,10
2017-10-12 22:00:00,86759,2017-10-12,22,Thursday,10
2017-10-12 23:00:00,83729,2017-10-12,23,Thursday,10
2017-10-13 00:00:00,84187,2017-10-13,0,Friday,10
2017-10-13 01:00:00,84022,2017-10-13,1,Friday,10
2017-10-13 02:00:00,81218,2017-10-13,2,Friday,10
2017-10-13 03:00:00,79301,2017-10-13,3,Friday,10
2017-10-13 04:00:00,74793,2017-10-13,4,Friday,10
2017-10-13 05:00:00,75482,2017-10-13,5,Friday,10
2017-10-13 06:00:00,65788,2017-10-13,6,Friday,10
2017-10-13 07:00:00,64434,2017-10-13,7,Friday,10
2017-10-13 08:00:00,63125,2017-10-13,8,Friday,10
2017-10-13 09:00:00,63063,2017-10-13,9,Friday,10
2017-10-13 10:00:00,63003,2017-10-13,10,Friday,10
2017-10-13 11:00:00,61117,2017-10-13,11,Friday,10
2017-10-13 12:00:00,62605,2017-10-13,12,Friday,10
2017-10-13 13:00:00,67435,2017-10-13,13,Friday,10
2017-10-13 14:00:00,72261,2017-10-13,14,Friday,10
2017-10-13 15:00:00,70482,2017-10-13,15,Friday,10
2017-10-13 16:00:00,75369,2017-10-13,16,Friday,10
2017-10-13 17:00:00,76879,2017-10-13,17,Friday,10
2017-10-13 18:00:00,80739,2017-10-13,18,Friday,10
2017-10-13 19:00:00,84134,2017-10-13,19,Friday,10
2017-10-13 20:00:00,84328,2017-10-13,20,Friday,10
2017-10-13 21:00:00,87793,2017-10-13,21,Friday,10
2017-10-13 22:00:00,84150,2017-10-13,22,Friday,10
2017-10-13 23:00:00,81436,2017-10-13,23,Friday,10
2017-10-14 00:00:00,77669,2017-10-14,0,Saturday,10
2017-10-14 01:00:00,78230,2017-10-14,1,Saturday,10
2017-10-14 02:00:00,77097,2017-10-14,2,Saturday,10
2017-10-14 03:00:00,76839,2017-10-14,3,Saturday,10
2017-10-14 04:00:00,69811,2017-10-14,4,Saturday,10
2017-10-14 05:00:00,67899,2017-10-14,5,Saturday,10
2017-10-14 06:00:00,65916,2017-10-14,6,Saturday,10
2017-10-14 07:00:00,63992,2017-10-14,7,Saturday,10
2017-10-14 08:00:00,63642,2017-10-14,8,Saturday,10
2017-10-14 09:00:00,63507,2017-10-14,9,Saturday,10
2017-10-14 10:00:00,62944,2017-10-14,10,Saturday,10
2017-10-14 11:00:00,63480,2017-10-14,11,Saturday,10
2017-10-14 12:00:00,65027,2017-10-14,12,Saturday,10
2017-10-14 13:00:00,67259,2017-10-14,13,Saturday,10
2017-10-14 14:00:00,70487,2017-10-14,14,Saturday,10
2017-10-14 15:00:00,68367,2017-10-14,15,Saturday,10
2017-10-14 16:00:00,72598,2017-10-14,16,Saturday,10
2017-10-14 17:00:00,79222,2017-10-14,17,Saturday,10
2017-10-14 18:00:00,84275,2017-10-14,18,Saturday,10
2017-10-14 19:00:00,87574,2017-10-14,19,Saturday,10
2017-10-14 20:00:00,88812,2017-10-14,20,Saturday,10
2017-10-14 21:00:00,88621,2017-10-14,21,Saturday,10
2017-10-14 22:00:00,86052,2017-10-14,22,Saturday,10
2017-10-14 23:00:00,87991,2017-10-14,23,Saturday,10
2017-10-15 00:00:00,89140,2017-10-15,0,Sunday,10
2017-10-15 01:00:00,86234,2017-10-15,1,Sunday,10
2017-10-15 02:00:00,82661,2017-10-15,2,Sunday,10
2017-10-15 03:00:00,78529,2017-10-15,3,Sunday,10
2017-10-15 04:00:00,74370,2017-10-15,4,Sunday,10
2017-10-15 05:00:00,70190,2017-10-15,5,Sunday,10
2017-10-15 06:00:00,67213,2017-10-15,6,Sunday,10
2017-10-15 07:00:00,65895,2017-10-15,7,Sunday,10
2017-10-15 08:00:00,65558,2017-10-15,8,Sunday,10
2017-10-15 09:00:00,64555,2017-10-15,9,Sunday,10
2017-10-15 10:00:00,65828,2017-10-15,10,Sunday,10
2017-10-15 11:00:00,66006,2017-10-15,11,Sunday,10
2017-10-15 12:00:00,67244,2017-10-15,12,Sunday,10
2017-10-15 13:00:00,69220,2017-10-15,13,Sunday,10
2017-10-15 14:00:00,72300,2017-10-15,14,Sunday,10
2017-10-15 15:00:00,70987,2017-10-15,15,Sunday,10
2017-10-15 16:00:00,75935,2017-10-15,16,Sunday,10
2017-10-15 17:00:00,81451,2017-10-15,17,Sunday,10
2017-10-15 18:00:00,86041,2017-10-15,18,Sunday,10
2017-10-15 19:00:00,92184,2017-10-15,19,Sunday,10
2017-10-15 20:00:00,94142,2017-10-15,20,Sunday,10
2017-10-15 21:00:00,95905,2017-10-15,21,Sunday,10
2017-10-15 22:00:00,95333,2017-10-15,22,Sunday,10
2017-10-15 23:00:00,92871,2017-10-15,23,Sunday,10
2017-10-16 00:00:00,91324,2017-10-16,0,Monday,10
2017-10-16 01:00:00,88517,2017-10-16,1,Monday,10
2017-10-16 02:00:00,87013,2017-10-16,2,Monday,10
2017-10-16 03:00:00,82871,2017-10-16,3,Monday,10
2017-10-16 04:00:00,77730,2017-10-16,4,Monday,10
2017-10-16 05:00:00,74759,2017-10-16,5,Monday,10
2017-10-16 06:00:00,71474,2017-10-16,6,Monday,10
2017-10-16 07:00:00,67612,2017-10-16,7,Monday,10
2017-10-16 08:00:00,65277,2017-10-16,8,Monday,10
2017-10-16 09:00:00,66025,2017-10-16,9,Monday,10
2017-10-16 10:00:00,66257,2017-10-16,10,Monday,10
2017-10-16 11:00:00,67650,2017-10-16,11,Monday,10
2017-10-16 12:00:00,71174,2017-10-16,12,Monday,10
2017-10-16 13:00:00,76384,2017-10-16,13,Monday,10
2017-10-16 14:00:00,81381,2017-10-16,14,Monday,10
2017-10-16 15:00:00,78988,2017-10-16,15,Monday,10
2017-10-16 16:00:00,84789,2017-10-16,16,Monday,10
2017-10-16 17:00:00,87355,2017-10-16,17,Monday,10
2017-10-16 18:00:00,92604,2017-10-16,18,Monday,10
2017-10-16 19:00:00,96801,2017-10-16,19,Monday,10
2017-10-16 20:00:00,100796,2017-10-16,20,Monday,10
2017-10-16 21:00:00,102361,2017-10-16,21,Monday,10
2017-10-16 22:00:00,98075,2017-10-16,22,Monday,10
2017-10-16 23:00:00,96801,2017-10-16,23,Monday,10
2017-10-17 00:00:00,94866,2017-10-17,0,Tuesday,10
2017-10-17 01:00:00,93310,2017-10-17,1,Tuesday,10
2017-10-17 02:00:00,91269,2017-10-17,2,Tuesday,10
2017-10-17 03:00:00,88156,2017-10-17,3,Tuesday,10
2017-10-17 04:00:00,83534,2017-10-17,4,Tuesday,10
2017-10-17 05:00:00,80608,2017-10-17,5,Tuesday,10
2017-10-17 06:00:00,78327,2017-10-17,6,Tuesday,10
2017-10-17 07:00:00,75246,2017-10-17,7,Tuesday,10
2017-10-17 08:00:00,69820,2017-10-17,8,Tuesday,10
2017-10-17 09:00:00,65796,2017-10-17,9,Tuesday,10
2017-10-17 10:00:00,65649,2017-10-17,10,Tuesday,10
2017-10-17 11:00:00,68639,2017-10-17,11,Tuesday,10
2017-10-17 12:00:00,73079,2017-10-17,12,Tuesday,10
2017-10-17 13:00:00,75475,2017-10-17,13,Tuesday,10
2017-10-17 14:00:00,78726,2017-10-17,14,Tuesday,10
2017-10-17 15:00:00,79643,2017-10-17,15,Tuesday,10
2017-10-17 16:00:00,82630,2017-10-17,16,Tuesday,10
2017-10-17 17:00:00,88684,2017-10-17,17,Tuesday,10
2017-10-17 18:00:00,96279,2017-10-17,18,Tuesday,10
2017-10-17 19:00:00,103175,2017-10-17,19,Tuesday,10
2017-10-17 20:00:00,103780,2017-10-17,20,Tuesday,10
2017-10-17 21:00:00,106301,2017-10-17,21,Tuesday,10
2017-10-17 22:00:00,105371,2017-10-17,22,Tuesday,10
2017-10-17 23:00:00,104845,2017-10-17,23,Tuesday,10
2017-10-18 00:00:00,102694,2017-10-18,0,Wednesday,10
2017-10-18 01:00:00,99353,2017-10-18,1,Wednesday,10
2017-10-18 02:00:00,95082,2017-10-18,2,Wednesday,10
2017-10-18 03:00:00,89400,2017-10-18,3,Wednesday,10
2017-10-18 04:00:00,85612,2017-10-18,4,Wednesday,10
2017-10-18 05:00:00,84917,2017-10-18,5,Wednesday,10
2017-10-18 06:00:00,85021,2017-10-18,6,Wednesday,10
2017-10-18 07:00:00,83065,2017-10-18,7,Wednesday,10
2017-10-18 08:00:00,79006,2017-10-18,8,Wednesday,10
2017-10-18 09:00:00,74475,2017-10-18,9,Wednesday,10
2017-10-18 10:00:00,72474,2017-10-18,10,Wednesday,10
2017-10-18 11:00:00,73173,2017-10-18,11,Wednesday,10
2017-10-18 12:00:00,74363,2017-10-18,12,Wednesday,10
2017-10-18 13:00:00,77516,2017-10-18,13,Wednesday,10
2017-10-18 14:00:00,80270,2017-10-18,14,Wednesday,10
2017-10-18 15:00:00,79641,2017-10-18,15,Wednesday,10
2017-10-18 16:00:00,82912,2017-10-18,16,Wednesday,10
2017-10-18 17:00:00,90259,2017-10-18,17,Wednesday,10
2017-10-18 18:00:00,98018,2017-10-18,18,Wednesday,10
2017-10-18 19:00:00,101457,2017-10-18,19,Wednesday,10
2017-10-18 20:00:00,104779,2017-10-18,20,Wednesday,10
2017-10-18 21:00:00,107057,2017-10-18,21,Wednesday,10
2017-10-18 22:00:00,107792,2017-10-18,22,Wednesday,10
2017-10-18 23:00:00,108220,2017-10-18,23,Wednesday,10
2017-10-19 00:00:00,106908,2017-10-19,0,Thursday,10
2017-10-19 01:00:00,103026,2017-10-19,1,Thursday,10
2017-10-19 02:00:00,99511,2017-10-19,2,Thursday,10
2017-10-19 03:00:00,94750,2017-10-19,3,Thursday,10
2017-10-19 04:00:00,90486,2017-10-19,4,Thursday,10
2017-10-19 05:00:00,89270,2017-10-19,5,Thursday,10
2017-10-19 06:00:00,88703,2017-10-19,6,Thursday,10
2017-10-19 07:00:00,86666,2017-10-19,7,Thursday,10
2017-10-19 08:00:00,82069,2017-10-19,8,Thursday,10
2017-10-19 09:00:00,76960,2017-10-19,9,Thursday,10
2017-10-19 10:00:00,75069,2017-10-19,10,Thursday,10
2017-10-19 11:00:00,75354,2017-10-19,11,Thursday,10
2017-10-19 12:00:00,78399,2017-10-19,12,Thursday,10
2017-10-19 13:00:00,83247,2017-10-19,13,Thursday,10
2017-10-19 14:00:00,89385,2017-10-19,14,Thursday,10
2017-10-19 15:00:00,86770,2017-10-19,15,Thursday,10
2017-10-19 16:00:00,93314,2017-10-19,16,Thursday,10
2017-10-19 17:00:00,97386,2017-10-19,17,Thursday,10
2017-10-19 18:00:00,105195,2017-10-19,18,Thursday,10
2017-10-19 19:00:00,107457,2017-10-19,19,Thursday,10
2017-10-19 20:00:00,111117,2017-10-19,20,Thursday,10
2017-10-19 21:00:00,113740,2017-10-19,21,Thursday,10
2017-10-19 22:00:00,109530,2017-10-19,22,Thursday,10
2017-10-19 23:00:00,112209,2017-10-19,23,Thursday,10
2017-10-20 00:00:00,110739,2017-10-20,0,Friday,10
2017-10-20 01:00:00,106238,2017-10-20,1,Friday,10
2017-10-20 02:00:00,103275,2017-10-20,2,Friday,10
2017-10-20 03:00:00,97887,2017-10-20,3,Friday,10
2017-10-20 04:00:00,93580,2017-10-20,4,Friday,10
2017-10-20 05:00:00,97034,2017-10-20,5,Friday,10
2017-10-20 06:00:00,82655,2017-10-20,6,Friday,10
2017-10-20 07:00:00,79921,2017-10-20,7,Friday,10
2017-10-20 08:00:00,76601,2017-10-20,8,Friday,10
2017-10-20 09:00:00,73317,2017-10-20,9,Friday,10
2017-10-20 10:00:00,72583,2017-10-20,10,Friday,10
2017-10-20 11:00:00,71790,2017-10-20,11,Friday,10
2017-10-20 12:00:00,74613,2017-10-20,12,Friday,10
2017-10-20 13:00:00,76390,2017-10-20,13,Friday,10
2017-10-20 14:00:00,78613,2017-10-20,14,Friday,10
2017-10-20 15:00:00,78039,2017-10-20,15,Friday,10
2017-10-20 16:00:00,82533,2017-10-20,16,Friday,10
2017-10-20 17:00:00,88812,2017-10-20,17,Friday,10
2017-10-20 18:00:00,95109,2017-10-20,18,Friday,10
2017-10-20 19:00:00,98628,2017-10-20,19,Friday,10
2017-10-20 20:00:00,99469,2017-10-20,20,Friday,10
2017-10-20 21:00:00,100539,2017-10-20,21,Friday,10
2017-10-20 22:00:00,100206,2017-10-20,22,Friday,10
2017-10-20 23:00:00,99101,2017-10-20,23,Friday,10
2017-10-21 00:00:00,97815,2017-10-21,0,Saturday,10
2017-10-21 01:00:00,94334,2017-10-21,1,Saturday,10
2017-10-21 02:00:00,94050,2017-10-21,2,Saturday,10
2017-10-21 03:00:00,90665,2017-10-21,3,Saturday,10
2017-10-21 04:00:00,84537,2017-10-21,4,Saturday,10
2017-10-21 05:00:00,81414,2017-10-21,5,Saturday,10
2017-10-21 06:00:00,79395,2017-10-21,6,Saturday,10
2017-10-21 07:00:00,77292,2017-10-21,7,Saturday,10
2017-10-21 08:00:00,73536,2017-10-21,8,Saturday,10
2017-10-21 09:00:00,69889,2017-10-21,9,Saturday,10
2017-10-21 10:00:00,70103,2017-10-21,10,Saturday,10
2017-10-21 11:00:00,70267,2017-10-21,11,Saturday,10
2017-10-21 12:00:00,72495,2017-10-21,12,Saturday,10
2017-10-21 13:00:00,76648,2017-10-21,13,Saturday,10
2017-10-21 14:00:00,77600,2017-10-21,14,Saturday,10
2017-10-21 15:00:00,77112,2017-10-21,15,Saturday,10
2017-10-21 16:00:00,81135,2017-10-21,16,Saturday,10
2017-10-21 17:00:00,89227,2017-10-21,17,Saturday,10
2017-10-21 18:00:00,94224,2017-10-21,18,Saturday,10
2017-10-21 19:00:00,98987,2017-10-21,19,Saturday,10
2017-10-21 20:00:00,98514,2017-10-21,20,Saturday,10
2017-10-21 21:00:00,89594,2017-10-21,21,Saturday,10
2017-10-21 22:00:00,100374,2017-10-21,22,Saturday,10
2017-10-21 23:00:00,99055,2017-10-21,23,Saturday,10
2017-10-22 00:00:00,96614,2017-10-22,0,Sunday,10
2017-10-22 01:00:00,93671,2017-10-22,1,Sunday,10
2017-10-22 02:00:00,93742,2017-10-22,2,Sunday,10
2017-10-22 03:00:00,90455,2017-10-22,3,Sunday,10
2017-10-22 04:00:00,83537,2017-10-22,4,Sunday,10
2017-10-22 05:00:00,80091,2017-10-22,5,Sunday,10
2017-10-22 06:00:00,77193,2017-10-22,6,Sunday,10
2017-10-22 07:00:00,75570,2017-10-22,7,Sunday,10
2017-10-22 08:00:00,72491,2017-10-22,8,Sunday,10
2017-10-22 09:00:00,71000,2017-10-22,9,Sunday,10
2017-10-22 10:00:00,71023,2017-10-22,10,Sunday,10
2017-10-22 11:00:00,71000,2017-10-22,11,Sunday,10
2017-10-22 12:00:00,73646,2017-10-22,12,Sunday,10
2017-10-22 13:00:00,79441,2017-10-22,13,Sunday,10
2017-10-22 14:00:00,85699,2017-10-22,14,Sunday,10
2017-10-22 15:00:00,82385,2017-10-22,15,Sunday,10
2017-10-22 16:00:00,89429,2017-10-22,16,Sunday,10
2017-10-22 17:00:00,93277,2017-10-22,17,Sunday,10
2017-10-22 18:00:00,99444,2017-10-22,18,Sunday,10
2017-10-22 19:00:00,102739,2017-10-22,19,Sunday,10
2017-10-22 20:00:00,104338,2017-10-22,20,Sunday,10
2017-10-22 21:00:00,107174,2017-10-22,21,Sunday,10
2017-10-22 22:00:00,103531,2017-10-22,22,Sunday,10
2017-10-22 23:00:00,99721,2017-10-22,23,Sunday,10
2017-10-23 00:00:00,99315,2017-10-23,0,Monday,10
2017-10-23 01:00:00,95652,2017-10-23,1,Monday,10
2017-10-23 02:00:00,93147,2017-10-23,2,Monday,10
2017-10-23 03:00:00,88595,2017-10-23,3,Monday,10
2017-10-23 04:00:00,82461,2017-10-23,4,Monday,10
2017-10-23 05:00:00,78576,2017-10-23,5,Monday,10
2017-10-23 06:00:00,78408,2017-10-23,6,Monday,10
2017-10-23 07:00:00,76513,2017-10-23,7,Monday,10
2017-10-23 08:00:00,73906,2017-10-23,8,Monday,10
2017-10-23 09:00:00,72359,2017-10-23,9,Monday,10
2017-10-23 10:00:00,71807,2017-10-23,10,Monday,10
2017-10-23 11:00:00,71959,2017-10-23,11,Monday,10
2017-10-23 12:00:00,74223,2017-10-23,12,Monday,10
2017-10-23 13:00:00,77717,2017-10-23,13,Monday,10
2017-10-23 14:00:00,81689,2017-10-23,14,Monday,10
2017-10-23 15:00:00,80706,2017-10-23,15,Monday,10
2017-10-23 16:00:00,84393,2017-10-23,16,Monday,10
2017-10-23 17:00:00,89686,2017-10-23,17,Monday,10
2017-10-23 18:00:00,97327,2017-10-23,18,Monday,10
2017-10-23 19:00:00,101539,2017-10-23,19,Monday,10
2017-10-23 20:00:00,104050,2017-10-23,20,Monday,10
2017-10-23 21:00:00,104428,2017-10-23,21,Monday,10
2017-10-23 22:00:00,104298,2017-10-23,22,Monday,10
2017-10-23 23:00:00,100900,2017-10-23,23,Monday,10
2017-10-24 00:00:00,97993,2017-10-24,0,Tuesday,10
2017-10-24 01:00:00,93614,2017-10-24,1,Tuesday,10
2017-10-24 02:00:00,94199,2017-10-24,2,Tuesday,10
2017-10-24 03:00:00,89489,2017-10-24,3,Tuesday,10
2017-10-24 04:00:00,82479,2017-10-24,4,Tuesday,10
2017-10-24 05:00:00,80059,2017-10-24,5,Tuesday,10
2017-10-24 06:00:00,77092,2017-10-24,6,Tuesday,10
2017-10-24 07:00:00,76868,2017-10-24,7,Tuesday,10
2017-10-24 08:00:00,73880,2017-10-24,8,Tuesday,10
2017-10-24 09:00:00,72774,2017-10-24,9,Tuesday,10
2017-10-24 10:00:00,71397,2017-10-24,10,Tuesday,10
2017-10-24 11:00:00,73073,2017-10-24,11,Tuesday,10
2017-10-24 12:00:00,77320,2017-10-24,12,Tuesday,10
2017-10-24 13:00:00,81391,2017-10-24,13,Tuesday,10
2017-10-24 14:00:00,84301,2017-10-24,14,Tuesday,10
2017-10-24 15:00:00,86397,2017-10-24,15,Tuesday,10
2017-10-24 16:00:00,90193,2017-10-24,16,Tuesday,10
2017-10-24 17:00:00,98899,2017-10-24,17,Tuesday,10
2017-10-24 18:00:00,109014,2017-10-24,18,Tuesday,10
2017-10-24 19:00:00,116265,2017-10-24,19,Tuesday,10
2017-10-24 20:00:00,116916,2017-10-24,20,Tuesday,10
2017-10-24 21:00:00,118291,2017-10-24,21,Tuesday,10
2017-10-24 22:00:00,117658,2017-10-24,22,Tuesday,10
2017-10-24 23:00:00,117938,2017-10-24,23,Tuesday,10
2017-10-25 00:00:00,115528,2017-10-25,0,Wednesday,10
2017-10-25 01:00:00,112200,2017-10-25,1,Wednesday,10
2017-10-25 02:00:00,108129,2017-10-25,2,Wednesday,10
2017-10-25 03:00:00,103121,2017-10-25,3,Wednesday,10
2017-10-25 04:00:00,97898,2017-10-25,4,Wednesday,10
2017-10-25 05:00:00,98105,2017-10-25,5,Wednesday,10
2017-10-25 06:00:00,98676,2017-10-25,6,Wednesday,10
2017-10-25 07:00:00,97136,2017-10-25,7,Wednesday,10
2017-10-25 08:00:00,92768,2017-10-25,8,Wednesday,10
2017-10-25 09:00:00,85254,2017-10-25,9,Wednesday,10
2017-10-25 10:00:00,79956,2017-10-25,10,Wednesday,10
2017-10-25 11:00:00,79845,2017-10-25,11,Wednesday,10
2017-10-25 12:00:00,82115,2017-10-25,12,Wednesday,10
2017-10-25 13:00:00,86886,2017-10-25,13,Wednesday,10
2017-10-25 14:00:00,91651,2017-10-25,14,Wednesday,10
2017-10-25 15:00:00,89862,2017-10-25,15,Wednesday,10
2017-10-25 16:00:00,97454,2017-10-25,16,Wednesday,10
2017-10-25 17:00:00,102174,2017-10-25,17,Wednesday,10
2017-10-25 18:00:00,110495,2017-10-25,18,Wednesday,10
2017-10-25 19:00:00,115101,2017-10-25,19,Wednesday,10
2017-10-25 20:00:00,118113,2017-10-25,20,Wednesday,10
2017-10-25 21:00:00,122620,2017-10-25,21,Wednesday,10
2017-10-25 22:00:00,120614,2017-10-25,22,Wednesday,10
2017-10-25 23:00:00,119539,2017-10-25,23,Wednesday,10
2017-10-26 00:00:00,119239,2017-10-26,0,Thursday,10
2017-10-26 01:00:00,116716,2017-10-26,1,Thursday,10
2017-10-26 02:00:00,112354,2017-10-26,2,Thursday,10
2017-10-26 03:00:00,107844,2017-10-26,3,Thursday,10
2017-10-26 04:00:00,101121,2017-10-26,4,Thursday,10
2017-10-26 05:00:00,98674,2017-10-26,5,Thursday,10
2017-10-26 06:00:00,97734,2017-10-26,6,Thursday,10
2017-10-26 07:00:00,96533,2017-10-26,7,Thursday,10
2017-10-26 08:00:00,92452,2017-10-26,8,Thursday,10
2017-10-26 09:00:00,85965,2017-10-26,9,Thursday,10
2017-10-26 10:00:00,81265,2017-10-26,10,Thursday,10
2017-10-26 11:00:00,81356,2017-10-26,11,Thursday,10
2017-10-26 12:00:00,84074,2017-10-26,12,Thursday,10
2017-10-26 13:00:00,86982,2017-10-26,13,Thursday,10
2017-10-26 14:00:00,89235,2017-10-26,14,Thursday,10
2017-10-26 15:00:00,88581,2017-10-26,15,Thursday,10
2017-10-26 16:00:00,94796,2017-10-26,16,Thursday,10
2017-10-26 17:00:00,102352,2017-10-26,17,Thursday,10
2017-10-26 18:00:00,110518,2017-10-26,18,Thursday,10
2017-10-26 19:00:00,113291,2017-10-26,19,Thursday,10
2017-10-26 20:00:00,114327,2017-10-26,20,Thursday,10
2017-10-26 21:00:00,116189,2017-10-26,21,Thursday,10
2017-10-26 22:00:00,115389,2017-10-26,22,Thursday,10
2017-10-26 23:00:00,115077,2017-10-26,23,Thursday,10
2017-10-27 00:00:00,114109,2017-10-27,0,Friday,10
2017-10-27 01:00:00,112529,2017-10-27,1,Friday,10
2017-10-27 02:00:00,112490,2017-10-27,2,Friday,10
2017-10-27 03:00:00,109096,2017-10-27,3,Friday,10
2017-10-27 04:00:00,100471,2017-10-27,4,Friday,10
2017-10-27 05:00:00,98599,2017-10-27,5,Friday,10
2017-10-27 06:00:00,81524,2017-10-27,6,Friday,10
2017-10-27 07:00:00,82700,2017-10-27,7,Friday,10
2017-10-27 08:00:00,82367,2017-10-27,8,Friday,10
2017-10-27 09:00:00,83893,2017-10-27,9,Friday,10
2017-10-27 10:00:00,81718,2017-10-27,10,Friday,10
2017-10-27 11:00:00,79568,2017-10-27,11,Friday,10
2017-10-27 12:00:00,81491,2017-10-27,12,Friday,10
2017-10-27 13:00:00,84768,2017-10-27,13,Friday,10
2017-10-27 14:00:00,89347,2017-10-27,14,Friday,10
2017-10-27 15:00:00,88897,2017-10-27,15,Friday,10
2017-10-27 16:00:00,95428,2017-10-27,16,Friday,10
2017-10-27 17:00:00,105190,2017-10-27,17,Friday,10
2017-10-27 18:00:00,115213,2017-10-27,18,Friday,10
2017-10-27 19:00:00,121831,2017-10-27,19,Friday,10
2017-10-27 20:00:00,121985,2017-10-27,20,Friday,10
2017-10-27 21:00:00,120531,2017-10-27,21,Friday,10
2017-10-27 22:00:00,118844,2017-10-27,22,Friday,10
2017-10-27 23:00:00,116485,2017-10-27,23,Friday,10
2017-10-28 00:00:00,109547,2017-10-28,0,Saturday,10
2017-10-28 01:00:00,110909,2017-10-28,1,Saturday,10
2017-10-28 02:00:00,110555,2017-10-28,2,Saturday,10
2017-10-28 03:00:00,107069,2017-10-28,3,Saturday,10
2017-10-28 04:00:00,96596,2017-10-28,4,Saturday,10
2017-10-28 05:00:00,90123,2017-10-28,5,Saturday,10
2017-10-28 06:00:00,87313,2017-10-28,6,Saturday,10
2017-10-28 07:00:00,86338,2017-10-28,7,Saturday,10
2017-10-28 08:00:00,86183,2017-10-28,8,Saturday,10
2017-10-28 09:00:00,89520,2017-10-28,9,Saturday,10
2017-10-28 10:00:00,89402,2017-10-28,10,Saturday,10
2017-10-28 11:00:00,86902,2017-10-28,11,Saturday,10
2017-10-28 12:00:00,88370,2017-10-28,12,Saturday,10
2017-10-28 13:00:00,95504,2017-10-28,13,Saturday,10
2017-10-28 14:00:00,102912,2017-10-28,14,Saturday,10
2017-10-28 15:00:00,102120,2017-10-28,15,Saturday,10
2017-10-28 16:00:00,111837,2017-10-28,16,Saturday,10
2017-10-28 17:00:00,119322,2017-10-28,17,Saturday,10
2017-10-28 18:00:00,124567,2017-10-28,18,Saturday,10
2017-10-28 19:00:00,125366,2017-10-28,19,Saturday,10
2017-10-28 20:00:00,126644,2017-10-28,20,Saturday,10
